id,wait
0,15.333333333333334
1,45.0
2,10.0
3,40.0
4,15.0
5,14.5
6,45.0
7,20.0
8,90.0
9,3.0
10,30.0
11,10.0
12,5.0
13,360.0
14,63.0
15,5.0
16,8.0
17,19.0
18,5.0
19,15.0
20,5.0
21,15.0
22,6.5
23,120.0
24,15.0
25,8.0
26,10.0
27,18.0
28,30.0
29,60.0
30,13.0
31,1.0
32,57.5
33,80.0
34,5.0
35,13.0
36,8.5
37,38.0
38,15.0
39,30.0
40,25.0
41,30.0
42,20.0
43,20.0
44,5.0
45,2.0
46,5.0
47,20.0
48,45.0
49,10.0
50,5.0
51,15.0
52,15.0
53,8.0
54,20.0
55,20.0
56,13.0
57,30.0
58,30.0
59,30.0
60,5.0
61,23.0
62,15.0
63,83.0
64,30.0
65,15.0
66,360.0
67,15.0
68,29.0
69,5.0
70,64.0
71,10.0
72,65.0
73,30.0
74,15.0
75,30.0
76,60.0
77,300.0
78,15.0
79,10.0
80,10.0
81,15.0
82,394.0
83,10.0
84,15.0
85,10.0
86,240.0
87,30.0
88,240.0
89,6.0
90,10.0
91,17.0
92,34.0
93,43.0
94,10.0
95,30.0
96,60.0
97,10.0
98,38.0
99,90.0
100,5.0
101,10.0
102,0.0
103,45.0
104,15.0
105,10.0
106,10.0
107,34.0
108,41.0
109,100.0
110,5.0
111,20.0
112,7.0
113,20.0
114,20.0
115,20.0
116,45.0
117,45.0
118,15.0
119,5.0
120,38.0
121,15.0
122,45.0
123,30.0
124,10.0
125,90.0
126,5.0
127,80.0
128,5.0
129,15.0
130,60.0
131,20.0
132,30.0
133,10.0
134,60.0
135,3.0
136,3.0
137,10.0
138,30.0
139,10.0
140,15.0
141,18.0
142,10.0
143,33.0
144,5.0
145,76.0
146,25.0
147,15.0
148,90.0
149,15.0
150,5.0
151,30.0
152,1.0
153,30.0
154,10.0
155,180.0
156,55.0
157,29.0
158,5.0
159,40.0
160,15.0
161,15.0
162,15.0
163,23.75
164,50.0
165,10.0
166,15.0
167,5.0
168,20.0
169,5.0
170,0.0
171,43.0
172,5.0
173,1.0
174,5.0
175,15.0
176,110.0
177,13.0
178,15.0
179,15.0
180,140.0
181,20.0
182,5.0
183,15.0
184,45.0
185,10.0
186,8.0
187,10.0
188,240.0
189,10.0
190,30.0
191,2160.0
192,68.0
193,23.0
194,23.0
195,10.0
196,15.0
197,23.0
198,5.0
199,3.0
200,5.0
201,5.0
202,30.0
203,30.0
204,15.0
205,30.0
206,20.0
207,130.0
208,30.0
209,15.0
210,42.0
211,5.0
212,135.0
213,5.0
214,5.0
215,10.0
216,12.0
217,90.0
218,10.0
219,5.0
220,5.0
221,20.0
222,15.0
223,100000.0
224,360.0
225,52.0
226,10.0
227,20.0
228,1.0
229,15.0
230,1.0
231,143.0
232,13.0
233,38.0
234,0.0
235,120.0
236,21.5
237,45.0
238,62.5
239,45.0
240,103.0
241,9.0
242,20.0
243,30.0
244,49.0
245,20.0
246,45.0
247,20.0
248,10.0
249,60.0
250,120.0
251,15.0
252,15.0
253,5.0
254,10.0
255,60.0
256,30.0
257,18.0
258,15.0
259,30.0
260,60.0
261,10.0
262,54.333333333333336
263,12.0
264,20.0
265,60.0
266,10.0
267,15.0
268,43.0
269,3.6666666666666665
270,6.0
271,17.0
272,15.0
273,45.0
274,10.0
275,45.0
276,25.5
277,1.0
278,45.0
279,15.0
280,20.0
281,204.5
282,117.5
283,60.0
284,45.0
285,8.0
286,5.0
287,5.0
288,70.0
289,8.0
290,60.0
291,2.0
292,20.0
293,3.0
294,45.0
295,31.0
296,45.0
297,10.0
298,15.0
299,7.0
300,5.0
301,10.0
302,13.0
303,5.0
304,10.0
305,240.0
306,5.0
307,15.0
308,75.14285714285714
309,35.0
310,15.0
311,10.0
312,5.0
313,5.0
314,60.0
315,15.0
316,5.0
317,11.0
318,15.0
319,30.0
320,20.0
321,5555.0
322,15.0
323,20.0
324,15.0
325,10.0
326,65.0
327,120.0
328,15.0
329,10.0
330,5.0
331,20.0
332,45.0
333,1.0
334,105.0
335,45.0
336,60.0
337,30.0
338,5.0
339,60.0
340,15.0
341,148.0
342,62.5
343,13.333333333333334
344,97.0
345,30.0
346,60.0
347,45.0
348,40.0
349,28.0
350,41.0
351,60.0
352,15.0
353,60.0
354,20.0
355,47.5
356,5.0
357,10.0
358,12.5
359,1.0
360,50.0
361,15.0
362,93.0
363,15.0
364,20.0
365,5.0
366,5.0
367,10.0
368,75.0
369,15.0
370,41.0
371,5.0
372,15.0
373,240.0
374,60.0
375,2.0
376,85.0
377,15.0
378,45.0
379,5.0
380,15.0
381,13.5
382,1.0
383,30.0
384,30.0
385,20.0
386,40.0
387,10.0
388,83.0
389,240.0
390,23.0
391,22.0
392,15.0
393,45.0
394,90.0
395,30.0
396,15.0
397,11.0
398,47.0
399,20.0
400,6.0
401,16.0
402,2.0
403,30.0
404,10.0
405,20.0
406,30.0
407,69.0
408,15.0
409,10.0
410,120.0
411,10.0
412,20.0
413,60.0
414,5.0
415,60.0
416,15.0
417,15.0
418,5.0
419,21.0
420,20.0
421,5.0
422,10.0
423,39.0
424,25.0
425,5.0
426,93.0
427,15.0
428,10.0
429,300.0
430,30.0
431,15.0
432,21.666666666666668
433,5.0
434,15.0
435,60.0
436,5.0
437,12.0
438,5.0
439,60.0
440,5.0
441,20.0
442,5.0
443,10.0
444,5.0
445,8.0
446,22.0
447,5.0
448,5.0
449,45.0
450,20.0
451,195.0
452,31.0
453,15.0
454,10.0
455,1.0
456,10.0
457,25.0
458,5.0
459,8.0
460,45.0
461,10.0
462,5.0
463,10.0
464,30.0
465,15.0
466,6.0
467,10.0
468,5.0
469,57.0
470,5.0
471,30.0
472,10.0
473,10.0
474,5.0
475,10.0
476,0.0
477,60.0
478,5.0
479,40.0
480,3.0
481,24.0
482,30.0
483,60.0
484,28.0
485,18.0
486,20.0
487,48.0
488,15.0
489,20.0
490,10.0
491,8.0
492,15.0
493,15.0
494,5.0
495,60.0
496,22.0
497,10.0
498,10.0
499,31.0
500,22.0
501,3.0
502,5.0
503,30.0
504,10.0
505,3.0
506,30.0
507,7.0
508,3.0
509,5.0
510,5.0
511,30.0
512,18.0
513,30.0
514,15.0
515,21.0
516,15.0
517,5.0
518,20.0
519,15.0
520,8.0
521,15.0
522,15.0
523,300.0
524,10.0
525,120.0
526,46.0
527,90.0
528,30.0
529,120.0
530,33.0
531,5.0
532,5.0
533,10.0
534,10.0
535,8.0
536,15.0
537,45.0
538,30.0
539,30.0
540,15.0
541,5.0
542,13.0
543,20.0
544,20.0
545,30.0
546,1.0
547,20.0
548,360.0
549,4298.0
550,120.0
551,15.0
552,45.0
553,17.0
554,45.0
555,5.0
556,35.0
557,16.0
558,10.0
559,5.0
560,30.0
561,1.0
562,111.0
563,30.0
564,10.0
565,13.0
566,5.0
567,110.0
568,60.0
569,80.0
570,10.0
571,10.0
572,30.0
573,20.0
574,33.0
575,15.0
576,18.0
577,13.0
578,5.0
579,5.0
580,120.0
581,105.0
582,32.0
583,105.0
584,15.0
585,20.0
586,13.0
587,10.0
588,90.0
589,14.0
590,27.0
591,20.0
592,15.0
593,20.0
594,30.0
595,28.0
596,37.0
597,180.0
598,20.0
599,8.75
600,5.0
601,60.0
602,10.0
603,14.5
604,16.0
605,24.0
606,5.0
607,10.0
608,25.0
609,20.0
610,15.0
611,115.0
612,30.0
613,10.0
614,33.0
615,10.0
616,5.0
617,1.0
618,10.0
619,45.0
620,5.0
621,5.0
622,15.0
623,40.0
624,30.0
625,5.0
626,49.0
627,40.0
628,20.0
629,10.0
630,5.0
631,20.0
632,10.0
633,10.0
634,5.0
635,5.0
636,15.0
637,5.0
638,60.0
639,45.0
640,30.0
641,30.0
642,5.0
643,15.0
644,17.0
645,55.25
646,20.0
647,5.0
648,15.0
649,15.0
650,5.0
651,45.0
652,5.0
653,45.0
654,10.0
655,15.0
656,1.0
657,33.0
658,15.0
659,5.0
660,32.5
661,5.0
662,20.0
663,60.0
664,5.0
665,5.0
666,120.0
667,45.0
668,40.0
669,48.0
670,2.0
671,42.0
672,40.0
673,170.0
674,13.0
675,60.0
676,120.0
677,1.0
678,10.0
679,5.0
680,10.0
681,27.0
682,329.0
683,15.0
684,20.0
685,60.0
686,180.0
687,23.0
688,10.0
689,8.0
690,8.0
691,5.0
692,5.0
693,9.0
694,15.0
695,40.0
696,150.0
697,15.0
698,45.0
699,10.0
700,15.0
701,5.0
702,20.5
703,1.0
704,60.0
705,40.0
706,40.0
707,13.0
708,120.0
709,20.0
710,20.0
711,10.0
712,10.0
713,2.0
714,10.0
715,1.0
716,50.0
717,15.0
718,60.0
719,300.0
720,13.0
721,35.0
722,20.0
723,60.0
724,116.5
725,15.0
726,50.0
727,35.0
728,40.0
729,1.0
730,22.5
731,1.0
732,20.0
733,10.0
734,40.0
735,25.0
736,70.0
737,32.0
738,180.0
739,50.0
740,20.0
741,30.0
742,2.0
743,15.0
744,60.0
745,29.0
746,10.0
747,15.0
748,10.0
749,60.0
750,5.0
751,40.0
752,5.0
753,45.0
754,40.66666666666666
755,5.0
756,20.0
757,10.0
758,4.0
759,75.0
760,15.0
761,39.0
762,120.0
763,15.0
764,13.0
765,360.0
766,5.0
767,10.0
768,47.5
769,5.0
770,5.0
771,20.0
772,62.0
773,20.0
774,55.0
775,15.0
776,20.0
777,60.0
778,60.0
779,35.0
780,0.0
781,5.0
782,15.0
783,30.0
784,18.0
785,20.0
786,3.0
787,29.0
788,20.0
789,46.0
790,10.0
791,60.0
792,60.0
793,31.5
794,40.0
795,51.0
796,10.0
797,21.0
798,10.0
799,15.0
800,29.0
801,15.0
802,40.0
803,10.0
804,111.0
805,20.0
806,11.0
807,26.0
808,13.0
809,58.0
810,60.0
811,60.0
812,300.0
813,60.0
814,30.0
815,27.0
816,5.0
817,12.0
818,240.0
819,10.0
820,41.5
821,15.0
822,38.0
823,8.0
824,120.0
825,30.0
826,28.0
827,143.0
828,3.0
829,2880.0
830,300.0
831,420.0
832,60.0
833,45.0
834,269.0
835,10.0
836,10.0
837,12.0
838,68.66666666666667
839,15.0
840,25.0
841,20.0
842,45.0
843,25.0
844,17.0
845,10.0
846,11.0
847,13.0
848,40.0
849,27.0
850,13.0
851,5.0
852,5.0
853,2.0
854,45.0
855,20.0
856,90.0
857,23.0
858,5.0
859,13.0
860,5.0
861,15.0
862,30.0
863,24.0
864,20.0
865,30.0
866,10.0
867,10.0
868,100.0
869,10.0
870,20.0
871,20.0
872,23.0
873,113.33333333333331
874,71.0
875,5.0
876,13.0
877,11.5
878,38.0
879,5.0
880,5.0
881,10.0
882,9.0
883,39.0
884,22.5
885,18.0
886,5.0
887,10.0
888,15.0
889,15.0
890,105.0
891,30.0
892,20.0
893,20.0
894,60.0
895,20.0
896,69.5
897,10.0
898,5.0
899,23.0
900,15.0
901,5.0
902,60.0
903,23.0
904,5.0
905,5.0
906,15.0
907,30.0
908,20.0
909,38.0
910,10.0
911,136.0
912,30.0
913,110.0
914,48.0
915,10.0
916,35.0
917,5.0
918,20.0
919,15.0
920,15.0
921,49.0
922,5.0
923,75.0
924,65.0
925,13.0
926,60.0
927,18.0
928,45.0
929,90.0
930,5.0
931,120.0
932,7.5
933,60.0
934,30.0
935,25.0
936,38.0
937,70.0
938,5.0
939,5.0
940,31.0
941,5.0
942,13.0
943,23.0
944,5.0
945,20.0
946,10.0
947,5.0
948,5.0
949,13.0
950,5.0
951,15.0
952,30.0
953,30.0
954,15.0
955,81.66666666666667
956,5.0
957,60.0
958,45.0
959,5.0
960,20.0
961,10.0
962,32.0
963,10.0
964,31.0
965,68.0
966,30.0
967,5.0
968,15.0
969,25.0
970,22.5
971,25.0
972,54.333333333333336
973,35.0
974,33.0
975,9.0
976,120.0
977,1.0
978,18.0
979,3.0
980,10.0
981,20.0
982,10.0
983,45.0
984,15.0
985,14.5
986,68.0
987,30.0
988,29.0
989,20.0
990,141.0
991,8.0
992,7.5
993,135.0
994,5.0
995,15.0
996,13.0
997,17.0
998,5.0
999,10.0
1000,60.0
1001,7.0
1002,105.0
1003,5.0
1004,10.0
1005,23.0
1006,10.0
1007,41.0
1008,5.0
1009,20.0
1010,5.0
1011,42.0
1012,23.0
1013,45.0
1014,15.0
1015,240.0
1016,1.0
1017,5.0
1018,60.0
1019,20.0
1020,15.0
1021,38.0
1022,38.0
1023,15.0
1024,15.0
1025,10.0
1026,20.0
1027,2.0
1028,82.0
1029,27.75
1030,60.0
1031,20.0
1032,2.0
1033,5.0
1034,10.0
1035,25.0
1036,10.0
1037,5.0
1038,40.0
1039,180.0
1040,10.0
1041,10.0
1042,10.0
1043,15.0
1044,60.0
1045,25.0
1046,22.0
1047,5.0
1048,10.0
1049,15.0
1050,45.0
1051,2.0
1052,5.0
1053,10.0
1054,15.0
1055,33.0
1056,20.0
1057,2.0
1058,31.5
1059,5.0
1060,30.0
1061,10.0
1062,16.0
1063,60.0
1064,45.0
1065,5.0
1066,60.0
1067,94.0
1068,30.0
1069,20.0
1070,30.0
1071,20.0
1072,20.0
1073,60.0
1074,5.0
1075,5.0
1076,25.0
1077,24.0
1078,85.0
1079,49.0
1080,30.0
1081,13.0
1082,180.0
1083,28.0
1084,5.0
1085,5.0
1086,300.0
1087,30.0
1088,2.0
1089,165.0
1090,15.0
1091,110.0
1092,3.0
1093,105.0
1094,10.0
1095,115.0
1096,120.0
1097,120.0
1098,45.0
1099,5.0
1100,10.0
1101,5.0
1102,60.0
1103,25.0
1104,11.0
1105,23.0
1106,35.0
1107,15.0
1108,1.0
1109,1440.0
1110,22.0
1111,8.0
1112,255.0
1113,94.0
1114,20.0
1115,55.0
1116,39.0
1117,22.5
1118,10.0
1119,15.5
1120,150.0
1121,20.0
1122,15.0
1123,10.0
1124,25.0
1125,10.0
1126,20.0
1127,17.0
1128,13.0
1129,83.0
1130,300.0
1131,90.0
1132,21.0
1133,20.0
1134,4.0
1135,5.0
1136,35.0
1137,15.0
1138,25.0
1139,10.0
1140,5.0
1141,45.0
1142,6.0
1143,5.0
1144,15.0
1145,108.0
1146,90.0
1147,10.0
1148,15.0
1149,20.0
1150,40.0
1151,11.666666666666666
1152,240.0
1153,30.0
1154,50.0
1155,20.0
1156,20.0
1157,10.0
1158,5.0
1159,45.0
1160,20.0
1161,15.0
1162,60.0
1163,12.333333333333334
1164,37.0
1165,45.0
1166,15.0
1167,13.5
1168,7.0
1169,5.0
1170,105.0
1171,180.0
1172,13.0
1173,25.0
1174,24.0
1175,96.0
1176,5.0
1177,120.0
1178,15.0
1179,30.0
1180,96.0
1181,18.0
1182,60.0
1183,24.0
1184,10.0
1185,60.0
1186,90.0
1187,10.0
1188,5.0
1189,15.0
1190,65.0
1191,22.0
1192,10.0
1193,10.0
1194,10.0
1195,10.0
1196,30.5
1197,60.0
1198,22.5
1199,20.0
1200,60.0
1201,30.0
1202,8.5
1203,10.0
1204,180.0
1205,60.0
1206,18.0
1207,5.0
1208,129.0
1209,5.0
1210,30.0
1211,90.0
1212,30.0
1213,5.0
1214,30.0
1215,15.0
1216,33.0
1217,7.0
1218,5.0
1219,40.0
1220,6.0
1221,53.0
1222,15.0
1223,10.0
1224,0.0
1225,12.0
1226,22.0
1227,20.0
1228,4.0
1229,6.0
1230,10.0
1231,10.0
1232,5.0
1233,10.0
1234,10.0
1235,15.0
1236,8.0
1237,34.0
1238,90.0
1239,8.0
1240,2.0
1241,10.0
1242,60.0
1243,38.0
1244,15.0
1245,40.0
1246,5.0
1247,30.0
1248,120.0
1249,60.0
1250,5.0
1251,4.0
1252,18.0
1253,39.0
1254,10.0
1255,5.0
1256,3.0
1257,15.0
1258,20.0
1259,5.0
1260,45.0
1261,20.0
1262,45.0
1263,18.0
1264,30.0
1265,33.0
1266,10.0
1267,20.0
1268,15.0
1269,18.0
1270,5.0
1271,10.0
1272,43.0
1273,18.0
1274,20.0
1275,30.0
1276,39.0
1277,35.0
1278,29.0
1279,20.0
1280,15.0
1281,34.5
1282,10.0
1283,10.0
1284,19.0
1285,27.0
1286,10.0
1287,75.0
1288,20.0
1289,10.0
1290,30.0
1291,1.0
1292,10.0
1293,28.0
1294,13.0
1295,15.0
1296,100.0
1297,15.0
1298,11.5
1299,15.0
1300,15.0
1301,45.0
1302,25.0
1303,13.0
1304,10.0
1305,150.0
1306,20.0
1307,15.0
1308,21.0
1309,5.0
1310,19.0
1311,5.0
1312,25.0
1313,26.25
1314,10.0
1315,30.0
1316,15.0
1317,15.0
1318,10.0
1319,5.0
1320,20.0
1321,30.0
1322,5.0
1323,53.0
1324,120.0
1325,30.0
1326,3.5
1327,80.0
1328,120.0
1329,15.0
1330,13.0
1331,23.33333333333333
1332,30.0
1333,15.0
1334,90.0
1335,1.0
1336,46.5
1337,3.0
1338,15.0
1339,5.0
1340,10.0
1341,5.0
1342,15.0
1343,20.0
1344,25.0
1345,10.0
1346,120.0
1347,5.0
1348,32.0
1349,735.0
1350,45.0
1351,4.0
1352,18.0
1353,10.0
1354,5.0
1355,10.0
1356,30.0
1357,26.33333333333333
1358,5.0
1359,5.0
1360,8.0
1361,15.0
1362,82.5
1363,10.0
1364,60.0
1365,40.0
1366,23.0
1367,5.0
1368,5.0
1369,10.0
1370,53.333333333333336
1371,35.0
1372,5.0
1373,5.0
1374,10.0
1375,15.0
1376,65.0
1377,5.0
1378,25.0
1379,45.0
1380,60.0
1381,5.0
1382,30.0
1383,15.0
1384,70.0
1385,60.0
1386,31.0
1387,15.0
1388,29.0
1389,10.0
1390,33.0
1391,47.0
1392,0.0
1393,15.0
1394,15.0
1395,15.0
1396,120.0
1397,3.0
1398,0.0
1399,60.0
1400,40.0
1401,30.0
1402,10.0
1403,15.0
1404,20.0
1405,60.0
1406,15.0
1407,13.0
1408,20.0
1409,88.0
1410,1.0
1411,45.0
1412,21.0
1413,8.0
1414,20.0
1415,10.0
1416,20.0
1417,60.0
1418,20.0
1419,20.0
1420,10.0
1421,18.0
1422,13.5
1423,25.0
1424,480.0
1425,60.0
1426,20.0
1427,15.0
1428,60.0
1429,5.0
1430,3.0
1431,5.0
1432,60.0
1433,16.0
1434,15.0
1435,89.5
1436,7.0
1437,30.0
1438,30.0
1439,15.0
1440,15.0
1441,45.0
1442,13.0
1443,10.0
1444,18.0
1445,3.0
1446,5.0
1447,40.0
1448,10.0
1449,20.0
1450,15.0
1451,40.0
1452,1.0
1453,15.0
1454,54.5
1455,25.0
1456,30.0
1457,12.0
1458,10.0
1459,5.0
1460,46.66666666666666
1461,45.0
1462,5.0
1463,5.0
1464,55.0
1465,20.0
1466,60.0
1467,30.0
1468,15.0
1469,40.0
1470,40.0
1471,18.0
1472,5.0
1473,10.0
1474,5.0
1475,29.0
1476,53.0
1477,15.0
1478,20.0
1479,120.0
1480,60.0
1481,30.0
1482,53.0
1483,60.0
1484,5.0
1485,130.33333333333334
1486,64.0
1487,15.0
1488,5.0
1489,10.0
1490,10.0
1491,10.0
1492,15.0
1493,15.0
1494,20.0
1495,150.0
1496,30.0
1497,60.0
1498,1500.0
1499,15.0
1500,15.0
1501,10.0
1502,60.0
1503,60.0
1504,30.0
1505,5.0
1506,10.0
1507,20.0
1508,120.0
1509,10.0
1510,5.0
1511,69.0
1512,97.0
1513,33.0
1514,33.0
1515,20.0
1516,20.0
1517,15.0
1518,5.0
1519,25.0
1520,10.0
1521,20.0
1522,10.0
1523,5.0
1524,40.0
1525,150.0
1526,45.0
1527,3.0
1528,15.0
1529,68.0
1530,20.0
1531,55.0
1532,60.0
1533,10.0
1534,105.0
1535,11.0
1536,5.0
1537,20.0
1538,10.0
1539,10.0
1540,60.0
1541,90.0
1542,10.0
1543,81.66666666666667
1544,30.0
1545,5.0
1546,45.0
1547,5.0
1548,10.0
1549,20.0
1550,40.0
1551,1.0
1552,52.0
1553,15.0
1554,20.0
1555,5.0
1556,15.0
1557,10.0
1558,25.0
1559,83.0
1560,62.0
1561,15.0
1562,30.0
1563,5.0
1564,135.0
1565,30.0
1566,8.0
1567,3.0
1568,10.0
1569,71.5
1570,27.5
1571,120.0
1572,30.0
1573,45.0
1574,10.0
1575,10.0
1576,600.0
1577,43.0
1578,92.5
1579,15.0
1580,16.0
1581,20.0
1582,60.0
1583,28.0
1584,7.5
1585,10.0
1586,15.0
1587,5.0
1588,45.0
1589,8.0
1590,30.0
1591,45.0
1592,0.0
1593,5.0
1594,44.0
1595,20.0
1596,5.0
1597,36.0
1598,120.0
1599,3.0
1600,5.0
1601,15.0
1602,26.0
1603,1.0
1604,7.666666666666667
1605,20.0
1606,20.0
1607,30.0
1608,26.5
1609,20.0
1610,5.0
1611,5.0
1612,30.0
1613,30.0
1614,90.0
1615,30.0
1616,23.0
1617,20.0
1618,20.0
1619,20.0
1620,5.0
1621,45.0
1622,20.0
1623,30.0
1624,20.0
1625,5.0
1626,10.0
1627,30.0
1628,7.0
1629,20.0
1630,60.0
1631,15.0
1632,71.0
1633,5.0
1634,60.0
1635,15.0
1636,17.5
1637,13.0
1638,240.0
1639,5.0
1640,15.0
1641,20.0
1642,45.0
1643,30.0
1644,15.0
1645,90.0
1646,9.0
1647,35.0
1648,75.0
1649,30.0
1650,20.0
1651,10.0
1652,15.0
1653,90.0
1654,46.66666666666666
1655,70.0
1656,10.0
1657,45.0
1658,115.0
1659,30.0
1660,83.0
1661,5.0
1662,7.0
1663,30.0
1664,80.0
1665,10.0
1666,30.0
1667,15.0
1668,50.0
1669,60.0
1670,12.0
1671,10.0
1672,10.0
1673,10.0
1674,4.0
1675,180.0
1676,15.0
1677,13.0
1678,15.0
1679,60.0
1680,30.0
1681,10.0
1682,5.0
1683,90.0
1684,15.0
1685,12.0
1686,53.0
1687,39.0
1688,45.0
1689,15.0
1690,15.0
1691,33.0
1692,10.0
1693,180.0
1694,45.0
1695,60.0
1696,10.0
1697,15.0
1698,45.0
1699,20.0
1700,100.0
1701,30.0
1702,30.0
1703,30.0
1704,5.0
1705,10.0
1706,10.0
1707,5.0
1708,5.0
1709,5.0
1710,45.0
1711,30.0
1712,0.0
1713,5.0
1714,5.0
1715,10.0
1716,7.0
1717,5.0
1718,120.0
1719,20.0
1720,30.0
1721,18.0
1722,45.0
1723,5.0
1724,200.0
1725,13.0
1726,15.0
1727,5.0
1728,150.0
1729,5.0
1730,15.0
1731,19.75
1732,8.0
1733,15.0
1734,60.0
1735,60.0
1736,5.0
1737,68.0
1738,60.0
1739,30.0
1740,23.0
1741,10.0
1742,35.0
1743,30.0
1744,5.0
1745,30.0
1746,7.0
1747,15.0
1748,180.0
1749,30.0
1750,30.0
1751,10.0
1752,5.0
1753,60.0
1754,30.0
1755,30.0
1756,10.0
1757,45.0
1758,2.0
1759,15.0
1760,15.0
1761,10.0
1762,39.0
1763,7.0
1764,20.0
1765,45.0
1766,30.0
1767,240.0
1768,15.0
1769,15.0
1770,15.0
1771,5.0
1772,15.0
1773,16.0
1774,8.0
1775,90.0
1776,5.0
1777,15.0
1778,16.0
1779,40.0
1780,7.0
1781,157.0
1782,17.0
1783,5.0
1784,180.0
1785,45.0
1786,5.0
1787,20.0
1788,120.0
1789,20.0
1790,12.0
1791,10.0
1792,18.0
1793,5.0
1794,210.0
1795,60.0
1796,3.0
1797,11.0
1798,38.0
1799,10.0
1800,7.0
1801,20.0
1802,15.0
1803,5.0
1804,30.0
1805,15.0
1806,200.0
1807,39.0
1808,10.0
1809,10.333333333333334
1810,10.0
1811,14.0
1812,12.0
1813,10.0
1814,8.0
1815,3.0
1816,18.5
1817,10.0
1818,20.0
1819,20.0
1820,10.0
1821,60.0
1822,113.0
1823,20.0
1824,60.0
1825,15.0
1826,20.0
1827,20.0
1828,60.0
1829,13.0
1830,5.0
1831,5.0
1832,8.666666666666666
1833,15.0
1834,5.0
1835,60.0
1836,120.0
1837,5.0
1838,15.0
1839,10.0
1840,5.0
1841,180.0
1842,30.0
1843,30.0
1844,15.0
1845,8.0
1846,30.0
1847,80.0
1848,13.0
1849,10.0
1850,30.0
1851,15.0
1852,15.0
1853,20.0
1854,15.0
1855,30.0
1856,10.0
1857,22.6
1858,10.0
1859,5.0
1860,10.0
1861,5.0
1862,14.0
1863,10.0
1864,10.0
1865,10.0
1866,10.0
1867,5.0
1868,15.0
1869,5.0
1870,28.0
1871,20.0
1872,15.0
1873,5.0
1874,30.0
1875,25.0
1876,15.0
1877,15.0
1878,60.0
1879,42.5
1880,5.0
1881,60.0
1882,60.0
1883,12.0
1884,45.0
1885,10.0
1886,60.0
1887,30.0
1888,83.0
1889,20.0
1890,5.0
1891,20.0
1892,25.0
1893,30.0
1894,52.0
1895,150.0
1896,45.0
1897,60.0
1898,30.0
1899,5.0
1900,180.0
1901,20.0
1902,30.0
1903,15.0
1904,25.0
1905,55.0
1906,50.0
1907,45.0
1908,15.0
1909,23.0
1910,9.0
1911,46.333333333333336
1912,15.0
1913,0.0
1914,28.0
1915,45.0
1916,10.0
1917,19.0
1918,60.0
1919,33.75
1920,20.0
1921,15.0
1922,20.0
1923,5.0
1924,24.0
1925,45.0
1926,20.0
1927,120.0
1928,20.0
1929,135.0
1930,10.0
1931,27.0
1932,20.0
1933,8.0
1934,105.0
1935,10.0
1936,30.0
1937,10.0
1938,50.0
1939,1.0
1940,10.0
1941,15.0
1942,120.0
1943,5.0
1944,15.0
1945,5.0
1946,3.0
1947,45.0
1948,1.0
1949,7.0
1950,52.0
1951,13.0
1952,116.0
1953,35.0
1954,13.0
1955,10.0
1956,10.0
1957,15.0
1958,2.0
1959,150.0
1960,60.0
1961,30.0
1962,5.0
1963,40.0
1964,20.0
1965,1.0
1966,30.0
1967,240.0
1968,68.0
1969,15.0
1970,60.0
1971,20.0
1972,130.0
1973,23.0
1974,10.0
1975,23.33333333333333
1976,10.0
1977,25.0
1978,8.0
1979,15.0
1980,20.0
1981,10.0
1982,60.0
1983,90.0
1984,123.0
1985,5.0
1986,34.0
1987,13.0
1988,10.0
1989,18.0
1990,37.5
1991,45.0
1992,7.0
1993,17.0
1994,21.0
1995,20.0
1996,30.0
1997,56.66666666666666
1998,5.0
1999,24.0
2000,20.0
2001,30.0
2002,180.0
2003,20.0
2004,23.0
2005,21.0
2006,5.0
2007,60.0
2008,30.0
2009,60.0
2010,49.0
2011,5.0
2012,20.0
2013,0.0
2014,10.0
2015,15.5
2016,120.0
2017,5.0
2018,2.0
2019,10.0
2020,30.0
2021,67.0
2022,40.0
2023,10.0
2024,16.0
2025,30.0
2026,120.0
2027,5.0
2028,15.0
2029,5.0
2030,20.0
2031,20.0
2032,38.0
2033,10.0
2034,20.0
2035,59.0
2036,34.0
2037,20.0
2038,10.0
2039,90.0
2040,15.0
2041,29.0
2042,30.0
2043,31.0
2044,30.0
2045,10.0
2046,45.0
2047,20.0
2048,10.0
2049,30.0
2050,10.0
2051,10.0
2052,5.0
2053,15.0
2054,20.0
2055,20.0
2056,27.0
2057,15.0
2058,20.0
2059,15.0
2060,120.0
2061,20.0
2062,20.0
2063,20.0
2064,15.0
2065,31.0
2066,25.0
2067,18.0
2068,20.0
2069,25.0
2070,35.0
2071,33.0
2072,20.0
2073,20.0
2074,15.0
2075,5.0
2076,30.0
2077,60.0
2078,5.0
2079,40.0
2080,60.0
2081,5.0
2082,10.0
2083,180.0
2084,240.0
2085,18.0
2086,45.0
2087,5.0
2088,31.25
2089,10.0
2090,10.0
2091,20.0
2092,10.0
2093,105.0
2094,5.0
2095,10.0
2096,60.0
2097,30.0
2098,15.0
2099,15.0
2100,15.0
2101,30.0
2102,23.0
2103,20.0
2104,15.0
2105,15.0
2106,20.0
2107,15.0
2108,6.5
2109,180.0
2110,2880.0
2111,28.0
2112,5.0
2113,80.0
2114,18.0
2115,40.0
2116,10.0
2117,75.0
2118,150.0
2119,8.0
2120,3.0
2121,20.0
2122,5.0
2123,20.0
2124,120.0
2125,26.0
2126,60.0
2127,30.0
2128,5.0
2129,29.0
2130,5.0
2131,20.0
2132,30.0
2133,33.0
2134,13.333333333333334
2135,5.0
2136,60.0
2137,1.0
2138,35.0
2139,5.0
2140,45.0
2141,83.0
2142,5.0
2143,30.0
2144,10.0
2145,30.0
2146,33.0
2147,10.0
2148,90.0
2149,30.0
2150,5.0
2151,105.0
2152,15.0
2153,10.0
2154,1.0
2155,15.0
2156,15.0
2157,1.0
2158,38.0
2159,10.0
2160,5.0
2161,30.0
2162,30.0
2163,7.0
2164,10.0
2165,27.0
2166,30.0
2167,15.0
2168,120.0
2169,30.0
2170,15.0
2171,15.0
2172,150.0
2173,20.0
2174,60.0
2175,15.0
2176,20.0
2177,9.0
2178,51.0
2179,21.0
2180,40.0
2181,5.0
2182,20.0
2183,18.0
2184,23.0
2185,15.0
2186,8.0
2187,5.0
2188,10.0
2189,10.0
2190,5.0
2191,15.0
2192,5.0
2193,20.0
2194,30.0
2195,10.0
2196,2.0
2197,20.0
2198,5.0
2199,29.0
2200,240.0
2201,25.0
2202,30.0
2203,43.0
2204,17.0
2205,90.0
2206,15.0
2207,25.0
2208,5.0
2209,30.0
2210,34.666666666666664
2211,5.0
2212,15.0
2213,15.0
2214,2.0
2215,20.0
2216,10.0
2217,7.5
2218,58.0
2219,11.5
2220,6.0
2221,100.0
2222,10.0
2223,45.0
2224,5.0
2225,10.0
2226,30.0
2227,5.0
2228,2.0
2229,18.0
2230,19.0
2231,42.0
2232,15.0
2233,10.0
2234,44.0
2235,48.0
2236,10.0
2237,8.0
2238,100.0
2239,15.0
2240,15.0
2241,3.0
2242,15.0
2243,2.0
2244,30.0
2245,5.0
2246,75.0
2247,5.0
2248,30.0
2249,10.0
2250,15.0
2251,0.0
2252,33.5
2253,15.0
2254,20.0
2255,20.0
2256,12.0
2257,5.0
2258,5.0
2259,30.0
2260,21.0
2261,8.0
2262,2.0
2263,15.0
2264,10.0
2265,3.0
2266,8.0
2267,140.0
2268,10.0
2269,38.0
2270,180.0
2271,8.0
2272,20.0
2273,30.0
2274,40.0
2275,30.0
2276,5.0
2277,10.0
2278,30.0
2279,45.0
2280,7.0
2281,60.0
2282,18.33333333333333
2283,52.0
2284,10.0
2285,45.0
2286,13.0
2287,2.0
2288,5.0
2289,10.0
2290,10.0
2291,8.0
2292,90.0
2293,25.0
2294,30.0
2295,25.0
2296,30.0
2297,40.0
2298,30.0
2299,12.5
2300,34.0
2301,10.0
2302,30.0
2303,30.0
2304,120.0
2305,30.0
2306,10.0
2307,18.0
2308,15.0
2309,45.0
2310,30.0
2311,10.0
2312,30.0
2313,5.0
2314,21.0
2315,10.0
2316,30.0
2317,61.5
2318,15.0
2319,5.0
2320,20.0
2321,30.0
2322,67.0
2323,10.0
2324,15.0
2325,5.0
2326,51.0
2327,40.0
2328,10.0
2329,10.0
2330,60.0
2331,80.0
2332,23.0
2333,37.0
2334,15.0
2335,5.0
2336,30.0
2337,8.0
2338,11.666666666666666
2339,20.0
2340,15.0
2341,30.0
2342,42.0
2343,40.0
2344,40.0
2345,5.0
2346,25.0
2347,44.0
2348,35.0
2349,180.0
2350,23.0
2351,20.0
2352,60.0
2353,10.0
2354,30.0
2355,35.0
2356,20.0
2357,3.0
2358,10.0
2359,12.0
2360,105.0
2361,35.0
2362,13.0
2363,20.0
2364,90.0
2365,5.0
2366,5.0
2367,32.5
2368,5.0
2369,15.0
2370,15.0
2371,8.0
2372,15.0
2373,60.0
2374,2.0
2375,2160.0
2376,15.0
2377,5.0
2378,15.0
2379,33.0
2380,5.0
2381,5.0
2382,15.0
2383,15.0
2384,30.0
2385,20.0
2386,13.0
2387,30.5
2388,131.0
2389,10.0
2390,45.0
2391,27.5
2392,10.0
2393,2160.0
2394,5.0
2395,15.0
2396,60.0
2397,10.0
2398,4.0
2399,45.0
2400,30.0
2401,120.0
2402,15.0
2403,120.0
2404,30.0
2405,20.0
2406,10.0
2407,7.0
2408,20.0
2409,30.0
2410,5.0
2411,5.0
2412,5.0
2413,12.0
2414,15.0
2415,45.0
2416,30.0
2417,180.0
2418,15.0
2419,5.0
2420,29.0
2421,12.5
2422,25.0
2423,10.0
2424,10.0
2425,180.0
2426,60.0
2427,10.0
2428,60.0
2429,40.0
2430,30.0
2431,30.0
2432,42.0
2433,35.0
2434,50.0
2435,30.0
2436,180.0
2437,105.0
2438,15.0
2439,60.0
2440,21.0
2441,10.0
2442,6.0
2443,20.0
2444,20.0
2445,1.0
2446,10.0
2447,2160.0
2448,105.0
2449,5.0
2450,40.0
2451,38.0
2452,80.0
2453,5.0
2454,10.0
2455,5.0
2456,5.0
2457,78.0
2458,20.0
2459,25.0
2460,30.0
2461,7.0
2462,22.0
2463,5.0
2464,60.0
2465,140.0
2466,17.5
2467,20.0
2468,120.0
2469,40.0
2470,27.0
2471,5.0
2472,5.0
2473,60.0
2474,5.0
2475,67.0
2476,15.0
2477,1.0
2478,1155.0
2479,13.0
2480,1.0
2481,120.0
2482,15.0
2483,15.0
2484,15.0
2485,30.0
2486,35.0
2487,5.0
2488,30.0
2489,5.0
2490,25.0
2491,27.5
2492,20.0
2493,45.0
2494,19.0
2495,15.0
2496,2.0
2497,95.0
2498,15.0
2499,10.0
2500,60.0
2501,17.0
2502,15.0
2503,5.0
2504,2.0
2505,15.0
2506,45.0
2507,10.0
2508,5.0
2509,5.0
2510,105.0
2511,15.0
2512,30.0
2513,5.0
2514,10.0
2515,10.0
2516,15.0
2517,75.0
2518,10.0
2519,10.0
2520,32.0
2521,34.0
2522,14.0
2523,5.0
2524,10.0
2525,30.0
2526,60.0
2527,23.0
2528,20.0
2529,15.0
2530,51.0
2531,240.0
2532,30.0
2533,75.0
2534,10.0
2535,90.0
2536,38.0
2537,15.0
2538,20.0
2539,60.0
2540,10.0
2541,5.0
2542,30.0
2543,180.0
2544,1.0
2545,120.0
2546,20.0
2547,45.0
2548,10.0
2549,100.0
2550,20.0
2551,20.0
2552,30.0
2553,30.0
2554,23.0
2555,45.0
2556,10.0
2557,39.5
2558,20.0
2559,21.0
2560,5.0
2561,1.0
2562,5.0
2563,25.0
2564,85.0
2565,10.0
2566,60.0
2567,75.0
2568,5.0
2569,90.0
2570,65.0
2571,5.0
2572,5.0
2573,16.666666666666668
2574,4.333333333333333
2575,60.0
2576,6.0
2577,56.0
2578,63.5
2579,15.0
2580,5.0
2581,15.0
2582,28.0
2583,60.0
2584,15.0
2585,20.0
2586,20.0
2587,120.0
2588,30.0
2589,17.0
2590,5.0
2591,45.0
2592,4.0
2593,22.0
2594,5.0
2595,10.0
2596,45.0
2597,30.0
2598,10.0
2599,10.0
2600,60.0
2601,272.5
2602,500.0
2603,20.0
2604,15.0
2605,30.0
2606,5940.0
2607,0.0
2608,1.0
2609,24.0
2610,129.0
2611,28.0
2612,30.0
2613,4.0
2614,33.0
2615,28.0
2616,120.0
2617,5.0
2618,10.0
2619,120.0
2620,45.0
2621,10.0
2622,15.0
2623,1.0
2624,15.0
2625,15.0
2626,5.0
2627,6.0
2628,45.0
2629,43.0
2630,20.0
2631,131.0
2632,240.0
2633,1.0
2634,13.0
2635,38.0
2636,6.0
2637,15.0
2638,5.0
2639,15.0
2640,60.0
2641,60.0
2642,30.0
2643,300.0
2644,2.0
2645,25.0
2646,7.0
2647,30.0
2648,8.0
2649,30.0
2650,58.0
2651,38.0
2652,5.0
2653,10.0
2654,20.0
2655,60.0
2656,6.0
2657,5.0
2658,60.0
2659,15.0
2660,70.0
2661,30.0
2662,105.0
2663,35.0
2664,15.0
2665,18.0
2666,30.0
2667,20.0
2668,30.0
2669,20.0
2670,10.0
2671,10.0
2672,5.0
2673,40.0
2674,10.0
2675,60.0
2676,64.0
2677,16.5
2678,40.0
2679,30.0
2680,45.0
2681,30.0
2682,5.0
2683,15.0
2684,7.0
2685,40.0
2686,60.0
2687,30.0
2688,20.0
2689,15.0
2690,13.0
2691,1.0
2692,10.0
2693,30.0
2694,30.0
2695,23.0
2696,12.0
2697,5.0
2698,15.0
2699,20.0
2700,120.0
2701,15.0
2702,10.0
2703,140.0
2704,5.0
2705,18.0
2706,30.0
2707,10.0
2708,14.0
2709,20.0
2710,53.333333333333336
2711,37.0
2712,11.0
2713,15.0
2714,36.0
2715,13.0
2716,5.0
2717,15.0
2718,5.0
2719,2.0
2720,10.0
2721,5.0
2722,15.0
2723,10.0
2724,34.5
2725,15.0
2726,5.0
2727,30.0
2728,15.0
2729,15.0
2730,59.0
2731,15.0
2732,5.0
2733,27.5
2734,5.0
2735,120.0
2736,20.0
2737,15.0
2738,60.0
2739,15.0
2740,60.0
2741,20.0
2742,5.0
2743,6.5
2744,30.0
2745,15.0
2746,35.0
2747,20.0
2748,42.0
2749,20.0
2750,22.0
2751,20.0
2752,30.0
2753,29.0
2754,30.0
2755,5.0
2756,30.0
2757,180.0
2758,3.0
2759,23.0
2760,2.0
2761,15.0
2762,25.0
2763,45.0
2764,90.0
2765,240.0
2766,45.0
2767,5.0
2768,30.0
2769,15.0
2770,15.0
2771,15.0
2772,10.0
2773,5.0
2774,45.0
2775,19.0
2776,20.0
2777,118.33333333333331
2778,33.0
2779,5.0
2780,30.0
2781,10.0
2782,10.0
2783,45.0
2784,60.0
2785,16.0
2786,15.0
2787,15.0
2788,20.0
2789,15.0
2790,30.0
2791,10.0
2792,18.0
2793,100.0
2794,120.0
2795,5.0
2796,33.0
2797,70.0
2798,60.0
2799,23.0
2800,15.0
2801,20.0
2802,15.0
2803,5.0
2804,37.5
2805,5.0
2806,15.0
2807,30.0
2808,0.0
2809,83.0
2810,120.0
2811,30.0
2812,30.0
2813,80.0
2814,10.0
2815,60.0
2816,12.5
2817,30.0
2818,9.0
2819,15.0
2820,10.0
2821,30.0
2822,240.0
2823,5.0
2824,10.0
2825,15.0
2826,19.0
2827,50.0
2828,60.0
2829,13.5
2830,5.0
2831,20.0
2832,10.0
2833,180.0
2834,40.0
2835,20.0
2836,10.0
2837,10.0
2838,40.0
2839,15.0
2840,60.0
2841,100.0
2842,15.0
2843,5.0
2844,20.0
2845,10.0
2846,50.0
2847,5.0
2848,10.0
2849,20.0
2850,26.5
2851,10.0
2852,180.0
2853,5.0
2854,20.0
2855,5.0
2856,5.0
2857,7.0
2858,5.0
2859,180.0
2860,75.0
2861,35.0
2862,15.0
2863,45.0
2864,15.0
2865,20.0
2866,300.0
2867,30.0
2868,31.5
2869,10.0
2870,5.0
2871,10.0
2872,75.0
2873,10.0
2874,13.333333333333334
2875,15.0
2876,30.0
2877,40.0
2878,5.0
2879,5.0
2880,40.0
2881,6.0
2882,15.0
2883,12.5
2884,31.0
2885,18.0
2886,27.0
2887,14.0
2888,38.0
2889,53.0
2890,192.0
2891,5.0
2892,30.0
2893,30.0
2894,10.0
2895,15.0
2896,15.0
2897,13.0
2898,10.0
2899,45.0
2900,15.0
2901,5.0
2902,23.0
2903,15.0
2904,14.0
2905,20.0
2906,30.0
2907,33.0
2908,5.0
2909,15.0
2910,1.0
2911,24.8
2912,120.0
2913,13.0
2914,25.0
2915,20.0
2916,45.0
2917,60.0
2918,38.0
2919,20.0
2920,90.0
2921,33.0
2922,90.0
2923,53.0
2924,60.0
2925,120.0
2926,5.0
2927,180.0
2928,10.0
2929,20.0
2930,15.0
2931,99.0
2932,5.0
2933,0.0
2934,45.0
2935,55.0
2936,10.0
2937,5.0
2938,5.0
2939,8.0
2940,10.0
2941,19.0
2942,5.0
2943,23.33333333333333
2944,8.0
2945,49.25
2946,23.0
2947,30.0
2948,5.0
2949,20.0
2950,9.0
2951,98.0
2952,15.0
2953,10.0
2954,26.0
2955,7.5
2956,30.0
2957,77.0
2958,45.0
2959,13.0
2960,20.0
2961,180.0
2962,5.0
2963,30.0
2964,140.0
2965,67.0
2966,66.25
2967,20.0
2968,6.0
2969,15.0
2970,20.0
2971,30.0
2972,20.0
2973,30.0
2974,170.0
2975,0.0
2976,60.0
2977,15.0
2978,45.0
2979,13.0
2980,10.0
2981,8.0
2982,10.0
2983,20.0
2984,19.0
2985,15.0
2986,23.0
2987,30.0
2988,30.0
2989,5.0
2990,83.0
2991,30.0
2992,60.0
2993,83.0
2994,45.0
2995,5.0
2996,20.0
2997,15.0
2998,45.0
2999,180.0
3000,20.0
3001,20.0
3002,15.0
3003,33.0
3004,10.0
3005,51.0
3006,13.0
3007,5.0
3008,13.333333333333334
3009,10.0
3010,20.0
3011,20.0
3012,5.0
3013,39.0
3014,10.0
3015,5.0
3016,6.0
3017,10.0
3018,123.0
3019,15.0
3020,18.0
3021,10.0
3022,60.0
3023,15.0
3024,5.0
3025,20.0
3026,10.0
3027,45.0
3028,23.0
3029,30.0
3030,132.0
3031,45.0
3032,210.0
3033,300.0
3034,1.0
3035,20.0
3036,118.0
3037,60.0
3038,10.0
3039,10.0
3040,10.0
3041,45.0
3042,118.0
3043,5.0
3044,80.33333333333333
3045,15.0
3046,15.0
3047,5.0
3048,10.0
3049,5.0
3050,18.0
3051,15.0
3052,12.0
3053,8.0
3054,5.0
3055,5.0
3056,37.0
3057,23.0
3058,98.0
3059,90.0
3060,210.0
3061,60.0
3062,1.0
3063,45.0
3064,5.0
3065,20.0
3066,11.0
3067,5.0
3068,30.0
3069,20.0
3070,10.0
3071,5.0
3072,19.0
3073,20.0
3074,58.0
3075,5.0
3076,10.0
3077,81.0
3078,10.0
3079,5.0
3080,5.0
3081,5.0
3082,180.0
3083,15.0
3084,5.0
3085,240.0
3086,5.0
3087,25.0
3088,5.0
3089,18.0
3090,30.0
3091,13.0
3092,7.0
3093,30.0
3094,15.0
3095,15.0
3096,18.0
3097,10.0
3098,20.0
3099,10.0
3100,20.0
3101,10.0
3102,5.0
3103,15.0
3104,120.0
3105,30.0
3106,120.0
3107,25.0
3108,27.0
3109,42.5
3110,20.0
3111,5.0
3112,90.0
3113,45.0
3114,60.0
3115,5.0
3116,30.0
3117,30.0
3118,15.0
3119,30.0
3120,38.0
3121,60.0
3122,5.0
3123,15.0
3124,90.0
3125,1.0
3126,5.0
3127,15.0
3128,60.0
3129,20.0
3130,40.0
3131,10.0
3132,60.0
3133,20.0
3134,45.0
3135,238.0
3136,20.0
3137,15.0
3138,10.0
3139,23.0
3140,40.0
3141,1.0
3142,5.0
3143,10.0
3144,39.0
3145,20.0
3146,180.0
3147,90.0
3148,13.5
3149,31.0
3150,120.0
3151,23.0
3152,1.0
3153,10.0
3154,5.0
3155,1121.0
3156,29.0
3157,40.0
3158,10.0
3159,10.0
3160,20.0
3161,40.0
3162,15.0
3163,10.0
3164,10.0
3165,10.0
3166,5.0
3167,10.0
3168,45.0
3169,30.0
3170,80.0
3171,15.0
3172,45.0
3173,20.0
3174,53.333333333333336
3175,30.0
3176,15.0
3177,10.0
3178,39.5
3179,5.0
3180,4.0
3181,107.0
3182,8.0
3183,120.0
3184,98.0
3185,480.0
3186,60.0
3187,16.0
3188,20.0
3189,30.0
3190,38.0
3191,15.0
3192,45.0
3193,90.0
3194,15.0
3195,15.0
3196,0.0
3197,5.0
3198,5.0
3199,12.0
3200,185.0
3201,15.0
3202,13.0
3203,10.0
3204,10.0
3205,52.5
3206,20.0
3207,20.0
3208,17.0
3209,2.0
3210,15.0
3211,10.0
3212,180.0
3213,1.0
3214,60.0
3215,20.0
3216,20.0
3217,10.0
3218,30.0
3219,38.0
3220,10.0
3221,10.0
3222,10.0
3223,60.0
3224,30.0
3225,60.0
3226,25.0
3227,20.0
3228,15.0
3229,20.0
3230,1.0
3231,10.0
3232,33.0
3233,15.0
3234,66.66666666666667
3235,300.0
3236,18.0
3237,20.0
3238,15.0
3239,128.0
3240,20.0
3241,10.0
3242,7.5
3243,5.0
3244,15.0
3245,5.0
3246,67.0
3247,5.0
3248,33.0
3249,75.0
3250,72.14285714285714
3251,60.0
3252,15.0
3253,5.0
3254,20.0
3255,28.0
3256,5.0
3257,5.0
3258,45.0
3259,15.0
3260,7.0
3261,10.0
3262,36.0
3263,30.0
3264,29.33333333333333
3265,5.0
3266,180.0
3267,10.0
3268,90.0
3269,1.0
3270,15.0
3271,10.0
3272,60.0
3273,20.0
3274,20.0
3275,23.0
3276,8.0
3277,20.0
3278,10.0
3279,10.0
3280,15.0
3281,18.0
3282,29.0
3283,10.0
3284,10.0
3285,30.0
3286,51.0
3287,40.0
3288,30.0
3289,30.0
3290,180.0
3291,10.0
3292,5.0
3293,972.0
3294,13.0
3295,5.0
3296,40.0
3297,120.0
3298,37.5
3299,30.0
3300,3.0
3301,20.0
3302,10.0
3303,60.0
3304,13.0
3305,1.0
3306,30.0
3307,15.0
3308,45.0
3309,10.0
3310,30.0
3311,10.0
3312,90.0
3313,8.0
3314,30.0
3315,1.0
3316,300.0
3317,26.0
3318,120.0
3319,13.0
3320,17.0
3321,240.0
3322,15.0
3323,15.0
3324,5.0
3325,60.0
3326,24.0
3327,45.0
3328,45.0
3329,45.0
3330,30.0
3331,39.0
3332,21.0
3333,60.0
3334,10.0
3335,2.0
3336,18.0
3337,66.0
3338,5.0
3339,5.0
3340,13.0
3341,80.0
3342,75.0
3343,12.5
3344,90.0
3345,5.0
3346,45.0
3347,10.0
3348,20.0
3349,15.0
3350,56.0
3351,30.0
3352,45.0
3353,64.0
3354,40.0
3355,15.0
3356,5.0
3357,5.0
3358,60.0
3359,10.0
3360,20.0
3361,10.0
3362,10.0
3363,10.0
3364,180.0
3365,10.0
3366,7.0
3367,15.0
3368,25.666666666666668
3369,30.0
3370,62.66666666666666
3371,30.0
3372,10.0
3373,10.0
3374,30.0
3375,10.0
3376,60.0
3377,5.0
3378,35.0
3379,23.0
3380,25.0
3381,30.0
3382,60.0
3383,25.0
3384,45.0
3385,30.0
3386,5.0
3387,10.0
3388,28.0
3389,10.0
3390,30.0
3391,5.0
3392,180.0
3393,23.0
3394,398.0
3395,41.0
3396,151.5
3397,72.0
3398,5.0
3399,25.0
3400,15.0
3401,15.0
3402,15.0
3403,20.0
3404,10.0
3405,45.0
3406,5.0
3407,15.0
3408,7.5
3409,23.0
3410,60.0
3411,20.5
3412,30.0
3413,5.0
3414,15.0
3415,15.0
3416,30.0
3417,60.0
3418,8.0
3419,15.0
3420,60.0
3421,10.0
3422,40.0
3423,20.666666666666668
3424,17.5
3425,75.5
3426,65.0
3427,15.0
3428,38.0
3429,60.0
3430,2.0
3431,15.0
3432,15.0
3433,15.0
3434,105.0
3435,210.0
3436,0.0
3437,20.0
3438,10.0
3439,23.0
3440,45.0
3441,11.0
3442,60.0
3443,135.0
3444,20.0
3445,15.0
3446,1.0
3447,25.0
3448,34.0
3449,14.0
3450,5.0
3451,30.0
3452,15.0
3453,10.0
3454,10.0
3455,60.0
3456,15.0
3457,8.5
3458,5.0
3459,20.0
3460,110.0
3461,90.0
3462,22.0
3463,5.0
3464,10.0
3465,275.0
3466,60.0
3467,30.0
3468,28.0
3469,20.0
3470,32.5
3471,45.0
3472,10.0
3473,15.0
3474,25.0
3475,5.0
3476,10.0
3477,13.0
3478,40.0
3479,15.0
3480,5.0
3481,10.0
3482,30.0
3483,5.0
3484,27.0
3485,15.0
3486,60.0
3487,60.0
3488,20.0
3489,5.0
3490,5.0
3491,5.0
3492,33.0
3493,135.0
3494,23.0
3495,15.0
3496,30.0
3497,38.0
3498,15.0
3499,13.0
3500,103.5
3501,5.0
3502,10.0
3503,18.0
3504,26.0
3505,5.0
3506,43.0
3507,10.0
3508,10.0
3509,11.0
3510,31.0
3511,1.0
3512,60.0
3513,68.0
3514,1.0
3515,22.5
3516,1.0
3517,20.0
3518,10.0
3519,80.0
3520,60.0
3521,405.0
3522,28.0
3523,15.0
3524,10.0
3525,10.0
3526,18.0
3527,5.0
3528,20.0
3529,50.0
3530,30.0
3531,10.0
3532,33.5
3533,25.0
3534,15.0
3535,10.0
3536,60.0
3537,75.0
3538,8.0
3539,11.0
3540,5.0
3541,29.5
3542,80.0
3543,10.0
3544,23.0
3545,50.0
3546,60.0
3547,210.0
3548,40.0
3549,20.0
3550,5.0
3551,10.0
3552,76.0
3553,15.0
3554,20.0
3555,5.0
3556,21.5
3557,20.0
3558,15.0
3559,31.0
3560,20.0
3561,5.0
3562,5.0
3563,45.0
3564,20.0
3565,5.0
3566,78.0
3567,10.0
3568,5.0
3569,20.0
3570,10.0
3571,5.0
3572,120.0
3573,30.0
3574,60.0
3575,10.0
3576,15.0
3577,5.0
3578,20.0
3579,5.0
3580,1.0
3581,10.0
3582,10.0
3583,10.0
3584,20.0
3585,20.0
3586,5.0
3587,10.0
3588,5.0
3589,15.0
3590,310.0
3591,15.0
3592,20.0
3593,15.0
3594,90.0
3595,60.0
3596,30.0
3597,82.0
3598,2.0
3599,45.0
3600,105.0
3601,33.0
3602,20.0
3603,30.0
3604,15.0
3605,90.0
3606,10.0
3607,25.0
3608,300.0
3609,10.0
3610,20.0
3611,25.0
3612,10.0
3613,60.0
3614,180.0
3615,20.0
3616,20.0
3617,30.0
3618,21.0
3619,35.0
3620,20.0
3621,5.0
3622,10.0
3623,25.0
3624,5.0
3625,25.0
3626,52.5
3627,10.0
3628,30.0
3629,5.0
3630,15.0
3631,10.0
3632,20.0
3633,10.0
3634,75.0
3635,15.0
3636,45.0
3637,15.0
3638,10.0
3639,30.0
3640,60.0
3641,180.0
3642,30.0
3643,22.5
3644,5.0
3645,18.0
3646,30.0
3647,45.0
3648,30.0
3649,5.0
3650,20.0
3651,10.0
3652,90.0
3653,10.0
3654,15.0
3655,15.0
3656,30.0
3657,10.0
3658,15.5
3659,10.0
3660,15.0
3661,10.0
3662,12.5
3663,40.0
3664,5.0
3665,30.0
3666,10.0
3667,8.0
3668,32.0
3669,5.0
3670,5.0
3671,3.0
3672,10.0
3673,80.0
3674,28.5
3675,130.0
3676,30.0
3677,5.0
3678,20.0
3679,120.0
3680,120.0
3681,18.0
3682,15.0
3683,5.0
3684,30.0
3685,32.0
3686,105.0
3687,20.0
3688,15.0
3689,20.0
3690,45.0
3691,15.0
3692,20.0
3693,30.0
3694,90.0
3695,5.0
3696,1.0
3697,15.0
3698,28.0
3699,15.0
3700,19.0
3701,200.0
3702,23.0
3703,20.0
3704,20.0
3705,5.0
3706,10.0
3707,10.0
3708,13.0
3709,29.0
3710,45.0
3711,40.0
3712,25.0
3713,14.0
3714,20.0
3715,30.0
3716,3.0
3717,10.0
3718,15.0
3719,8.0
3720,22.0
3721,35.0
3722,15.0
3723,20.0
3724,99.66666666666669
3725,20.0
3726,240.0
3727,15.0
3728,29.0
3729,7.5
3730,30.0
3731,20.0
3732,5.0
3733,10.0
3734,23.0
3735,2.0
3736,2.0
3737,65.0
3738,80.0
3739,7.0
3740,5.0
3741,18.0
3742,5.0
3743,12.0
3744,67.0
3745,600.0
3746,22.0
3747,15.0
3748,100.0
3749,20.0
3750,5.0
3751,20.0
3752,30.0
3753,90.0
3754,27.0
3755,35.0
3756,13.333333333333334
3757,30.0
3758,10.5
3759,15.0
3760,80.0
3761,45.0
3762,45.0
3763,15.0
3764,8.0
3765,60.0
3766,420.0
3767,30.0
3768,7.0
3769,5.0
3770,30.33333333333333
3771,10.0
3772,9.0
3773,30.0
3774,92.0
3775,100.0
3776,210.0
3777,20.0
3778,17.0
3779,30.0
3780,46.0
3781,60.0
3782,20.0
3783,65.0
3784,20.0
3785,30.0
3786,20.0
3787,11.0
3788,30.0
3789,50.0
3790,210.0
3791,18.0
3792,8.0
3793,5.0
3794,48.0
3795,41.0
3796,5.0
3797,15.0
3798,60.0
3799,5.0
3800,60.0
3801,5.0
3802,10.0
3803,3.0
3804,60.0
3805,5.0
3806,5.0
3807,11.0
3808,30.0
3809,16.0
3810,60.0
3811,8.0
3812,1231.3333333333333
3813,10.0
3814,22.0
3815,10.0
3816,5.0
3817,13.0
3818,10.0
3819,20.0
3820,72.0
3821,15.0
3822,1.0
3823,5.0
3824,20.0
3825,1.0
3826,15.0
3827,9.0
3828,10.0
3829,5.0
3830,60.0
3831,25.0
3832,60.0
3833,20.0
3834,14.0
3835,5.0
3836,5.0
3837,0.0
3838,5.0
3839,60.0
3840,60.0
3841,23.0
3842,5.0
3843,35.5
3844,10.0
3845,120.0
3846,120.0
3847,1.0
3848,45.0
3849,57.0
3850,10.0
3851,17.0
3852,15.0
3853,20.0
3854,30.0
3855,129.0
3856,15.0
3857,20.0
3858,30.0
3859,15.0
3860,60.0
3861,15.0
3862,5.0
3863,10.0
3864,0.0
3865,12.0
3866,90.0
3867,31.0
3868,18.0
3869,5.0
3870,38.0
3871,52.5
3872,5.0
3873,60.0
3874,35.0
3875,5.0
3876,90.0
3877,98.0
3878,97.0
3879,15.0
3880,35.0
3881,240.0
3882,24.0
3883,15.0
3884,20.0
3885,5.0
3886,20.0
3887,45.0
3888,20.0
3889,30.0
3890,15.0
3891,90.0
3892,5.0
3893,10.0
3894,60.0
3895,8.0
3896,232.0
3897,120.0
3898,240.0
3899,30.0
3900,11.0
3901,20.0
3902,60.0
3903,10.0
3904,23.0
3905,180.0
3906,310.0
3907,23.0
3908,5.0
3909,10.0
3910,10.0
3911,30.0
3912,25.0
3913,5.0
3914,30.0
3915,10.0
3916,5.0
3917,5.0
3918,10.0
3919,487.5
3920,5.0
3921,10.0
3922,20.0
3923,48.333333333333336
3924,10.0
3925,10.0
3926,30.0
3927,38.0
3928,56.0
3929,10.0
3930,5.0
3931,45.0
3932,20.0
3933,15.0
3934,45.0
3935,50.0
3936,45.0
3937,15.0
3938,21.0
3939,25.0
3940,30.0
3941,15.0
3942,30.0
3943,180.0
3944,33.0
3945,20.0
3946,15.0
3947,15.0
3948,10.0
3949,6.666666666666667
3950,20.0
3951,75.0
3952,5.0
3953,15.0
3954,15.0
3955,180.0
3956,20.0
3957,10.0
3958,20.0
3959,300.0
3960,10.0
3961,25.0
3962,10.0
3963,10.0
3964,25.0
3965,5.0
3966,30.0
3967,5.0
3968,30.0
3969,6.0
3970,13.0
3971,20.0
3972,10.0
3973,5.0
3974,30.0
3975,140.0
3976,30.0
3977,10.0
3978,33.0
3979,5.0
3980,45.0
3981,60.0
3982,30.0
3983,25.0
3984,20.0
3985,10.0
3986,3.5
3987,5.0
3988,10.0
3989,20.0
3990,15.0
3991,20.0
3992,15.0
3993,120.0
3994,68.0
3995,12.0
3996,5.0
3997,120.0
3998,10.0
3999,18.0
4000,22.0
4001,5.0
4002,5.0
4003,5.0
4004,17.5
4005,10.0
4006,26.666666666666668
4007,5.0
4008,15.0
4009,10.0
4010,20.0
4011,15.0
4012,47.5
4013,13.0
4014,20.0
4015,40.0
4016,61.0
4017,28.0
4018,10.0
4019,10.0
4020,15.0
4021,12.0
4022,160.0
4023,123.0
4024,38.0
4025,10.0
4026,30.0
4027,240.0
4028,30.0
4029,21.0
4030,8.0
4031,10.0
4032,10.0
4033,20.0
4034,17.0
4035,120.0
4036,20.0
4037,10.0
4038,10.0
4039,39.0
4040,60.0
4041,10.0
4042,5.0
4043,5.0
4044,25.0
4045,20.0
4046,120.0
4047,22.0
4048,20.0
4049,5.0
4050,10.0
4051,10.0
4052,45.0
4053,10.0
4054,20.0
4055,25.0
4056,20.0
4057,15.0
4058,5.0
4059,5.0
4060,540.0
4061,5.0
4062,17.0
4063,10.0
4064,15.0
4065,20.0
4066,10.0
4067,30.0
4068,5.0
4069,11.0
4070,45.0
4071,5.0
4072,10.0
4073,29.5
4074,5.0
4075,20.0
4076,180.0
4077,12.0
4078,26.0
4079,30.0
4080,3.0
4081,20.0
4082,5.0
4083,15.0
4084,180.0
4085,40.0
4086,15.0
4087,51.0
4088,15.0
4089,60.0
4090,35.0
4091,10.0
4092,15.0
4093,60.0
4094,1.0
4095,10.0
4096,10.0
4097,15.0
4098,38.0
4099,23.0
4100,30.0
4101,20.0
4102,20.0
4103,15.0
4104,65.0
4105,20.0
4106,20.0
4107,10.0
4108,10.0
4109,15.0
4110,10.0
4111,45.0
4112,23.0
4113,240.0
4114,21.0
4115,35.0
4116,15.0
4117,5.0
4118,44.0
4119,120.0
4120,13.0
4121,5.0
4122,10.0
4123,10.0
4124,5.0
4125,817.0
4126,20.0
4127,5.0
4128,47.0
4129,165.0
4130,10.0
4131,19.0
4132,5.0
4133,20.0
4134,25.0
4135,5.0
4136,30.0
4137,15.0
4138,20.0
4139,30.0
4140,61.0
4141,15.0
4142,22.5
4143,16.0
4144,60.0
4145,5.0
4146,11.666666666666666
4147,60.0
4148,50.0
4149,100.0
4150,15.0
4151,18.0
4152,30.0
4153,80.0
4154,15.0
4155,30.0
4156,5.0
4157,91.0
4158,15.0
4159,105.0
4160,20.0
4161,60.0
4162,90.0
4163,26.0
4164,77.0
4165,32.5
4166,10.0
4167,28.33333333333333
4168,210.0
4169,53.0
4170,45.0
4171,16.25
4172,5.0
4173,5.0
4174,1.0
4175,10.0
4176,10.0
4177,15.0
4178,40.0
4179,60.0
4180,12.0
4181,120.0
4182,60.0
4183,5.0
4184,90.0
4185,15.0
4186,19.0
4187,1.0
4188,3.0
4189,30.0
4190,10.0
4191,8.0
4192,360.0
4193,480.0
4194,33.0
4195,15.0
4196,20.0
4197,33.0
4198,2.0
4199,75.0
4200,10.0
4201,23.0
4202,90.0
4203,30.0
4204,17.0
4205,20.0
4206,6.0
4207,15.0
4208,60.0
4209,90.0
4210,42.333333333333336
4211,1.0
4212,15.0
4213,10.0
4214,60.0
4215,23.33333333333333
4216,26.0
4217,30.0
4218,3.333333333333333
4219,60.0
4220,60.0
4221,20.0
4222,120.0
4223,15.0
4224,9.0
4225,5.0
4226,60.0
4227,35.0
4228,15.0
4229,105.0
4230,30.0
4231,29.0
4232,5.0
4233,20.0
4234,10.0
4235,60.0
4236,16.0
4237,120.0
4238,45.0
4239,142.0
4240,5.0
4241,180.0
4242,30.0
4243,15.0
4244,45.0
4245,20.0
4246,360.0
4247,15.0
4248,15.0
4249,5.0
4250,30.0
4251,30.0
4252,15.0
4253,30.0
4254,80.0
4255,18.0
4256,53.0
4257,10.0
4258,5.0
4259,13.0
4260,33.0
4261,98.0
4262,5.0
4263,1.0
4264,18.0
4265,20.0
4266,6.5
4267,30.0
4268,20.0
4269,5.0
4270,10.0
4271,15.0
4272,13.0
4273,15.0
4274,45.0
4275,60.0
4276,11.0
4277,30.0
4278,8.0
4279,11.0
4280,68.0
4281,30.0
4282,24.0
4283,9.0
4284,20.0
4285,40.0
4286,28.0
4287,26.0
4288,30.0
4289,20.0
4290,20.0
4291,1.0
4292,20.0
4293,180.0
4294,9.0
4295,181.25
4296,4.0
4297,104.0
4298,15.0
4299,15.0
4300,75.0
4301,5.0
4302,13.0
4303,6.0
4304,15.0
4305,12.0
4306,10.0
4307,3.0
4308,360.0
4309,15.0
4310,90.0
4311,10.0
4312,5.0
4313,20.0
4314,141.5
4315,40.0
4316,15.0
4317,30.0
4318,20.0
4319,5.0
4320,15.0
4321,10.0
4322,5.0
4323,15.0
4324,40.0
4325,45.0
4326,20.0
4327,10.0
4328,19.0
4329,30.0
4330,45.0
4331,20.0
4332,13.0
4333,72.0
4334,34.0
4335,20.0
4336,60.0
4337,5.0
4338,15.0
4339,45.0
4340,20.33333333333333
4341,34.0
4342,15.0
4343,20.0
4344,10.0
4345,30.0
4346,3.0
4347,15.0
4348,30.0
4349,72.0
4350,45.0
4351,5.0
4352,45.0
4353,21.0
4354,2.0
4355,20.0
4356,30.0
4357,6.666666666666667
4358,10.0
4359,4.0
4360,75.0
4361,1.0
4362,30.0
4363,10.0
4364,5.0
4365,20.0
4366,219.0
4367,45.0
4368,30.0
4369,15.0
4370,10.0
4371,10.0
4372,30.0
4373,60.0
4374,60.0
4375,30.0
4376,30.0
4377,15.0
4378,15.0
4379,5.0
4380,10.0
4381,15.0
4382,20.0
4383,80.0
4384,98.0
4385,8.0
4386,5.0
4387,203.0
4388,38.0
4389,5.0
4390,10.0
4391,10.0
4392,5.0
4393,5.0
4394,5.0
4395,45.0
4396,23.0
4397,5.0
4398,33.0
4399,30.0
4400,45.0
4401,65.0
4402,3.0
4403,5.0
4404,15.0
4405,10.0
4406,20.0
4407,120.0
4408,22.0
4409,50.0
4410,15.0
4411,60.0
4412,28.0
4413,5.0
4414,45.0
4415,1.0
4416,20.0
4417,70.0
4418,85.0
4419,5.0
4420,3.0
4421,135.0
4422,38.0
4423,11.0
4424,45.0
4425,34.0
4426,90.0
4427,10.0
4428,15.0
4429,25.0
4430,30.0
4431,60.0
4432,15.0
4433,15.0
4434,30.0
4435,120.0
4436,60.0
4437,20.0
4438,15.0
4439,15.0
4440,60.0
4441,30.0
4442,8.0
4443,5.0
4444,30.0
4445,9.0
4446,45.0
4447,10.0
4448,20.0
4449,58.0
4450,5.0
4451,120.0
4452,75.0
4453,60.0
4454,49.0
4455,20.0
4456,20.0
4457,20.0
4458,1.0
4459,30.0
4460,10.0
4461,20.0
4462,10.0
4463,221.5
4464,2.0
4465,18.0
4466,10.0
4467,50.0
4468,60.0
4469,40.0
4470,17.0
4471,5.0
4472,8.0
4473,36.0
4474,10.0
4475,45.0
4476,8.0
4477,5.0
4478,60.0
4479,17.0
4480,45.0
4481,180.0
4482,8.0
4483,17.5
4484,15.0
4485,90.0
4486,22.0
4487,10.0
4488,5.0
4489,5.0
4490,10.0
4491,180.0
4492,13.0
4493,34.0
4494,7.0
4495,30.0
4496,20.0
4497,70.0
4498,10.0
4499,120.0
4500,30.0
4501,10.0
4502,40.0
4503,25.0
4504,30.0
4505,90.0
4506,30.0
4507,19.0
4508,15.0
4509,120.0
4510,65.0
4511,120.0
4512,20.0
4513,3.0
4514,54.0
4515,30.0
4516,45.0
4517,5.0
4518,5.0
4519,360.0
4520,15.0
4521,5.0
4522,30.0
4523,20.0
4524,120.0
4525,21.0
4526,30.0
4527,5.0
4528,18.0
4529,35.0
4530,15.0
4531,10.0
4532,5.0
4533,47.5
4534,45.0
4535,30.0
4536,10.0
4537,60.0
4538,18.0
4539,15.0
4540,5.0
4541,20.0
4542,8.0
4543,20.0
4544,3.0
4545,30.0
4546,11.0
4547,5.0
4548,60.0
4549,23.0
4550,13.0
4551,60.0
4552,11.0
4553,40.0
4554,100.0
4555,5.0
4556,30.0
4557,90.0
4558,15.0
4559,60.0
4560,10.0
4561,120.0
4562,1.0
4563,5.0
4564,15.0
4565,33.0
4566,45.0
4567,156.5
4568,30.0
4569,15.0
4570,60.0
4571,30.0
4572,10.0
4573,30.0
4574,10.0
4575,20.0
4576,10.0
4577,45.0
4578,30.0
4579,20.0
4580,20.0
4581,70.0
4582,10.0
4583,150.0
4584,20.0
4585,15.0
4586,5.0
4587,30.0
4588,30.0
4589,0.0
4590,5.0
4591,180.0
4592,25.0
4593,5.0
4594,10.0
4595,20.0
4596,140.0
4597,60.0
4598,5.0
4599,90.0
4600,5.0
4601,20.0
4602,30.0
4603,5.0
4604,80.0
4605,30.0
4606,60.0
4607,5.0
4608,10.0
4609,25.0
4610,30.0
4611,15.0
4612,50.0
4613,10.0
4614,20.0
4615,18.0
4616,5.0
4617,20.0
4618,5.0
4619,5.0
4620,5.0
4621,45.0
4622,15.0
4623,15.0
4624,20.0
4625,20.0
4626,15.0
4627,11.5
4628,180.0
4629,1.0
4630,10.0
4631,28.0
4632,25.0
4633,15.0
4634,100.0
4635,5.0
4636,2880.0
4637,40.0
4638,19.0
4639,45.0
4640,45.0
4641,45.0
4642,5.0
4643,1.0
4644,20.0
4645,18.0
4646,15.0
4647,15.0
4648,10.0
4649,20.0
4650,5.0
4651,15.0
4652,16.0
4653,20.0
4654,60.0
4655,12.0
4656,18.0
4657,200.0
4658,21.666666666666668
4659,30.0
4660,25.0
4661,20.0
4662,10.0
4663,18.0
4664,15.0
4665,15.0
4666,5.0
4667,40.0
4668,10.0
4669,15.0
4670,40.0
4671,18.0
4672,10.0
4673,2.0
4674,30.0
4675,10.0
4676,46.0
4677,40.0
4678,10.0
4679,120.0
4680,13.333333333333334
4681,13.0
4682,20.0
4683,30.0
4684,5.0
4685,210.0
4686,5.0
4687,5.0
4688,23.0
4689,5.0
4690,15.0
4691,60.0
4692,5.0
4693,30.0
4694,33.0
4695,30.0
4696,15.0
4697,15.0
4698,5.0
4699,30.0
4700,38.0
4701,10.0
4702,10.0
4703,45.0
4704,10.0
4705,10.0
4706,78.0
4707,30.0
4708,10.0
4709,10.0
4710,45.0
4711,53.0
4712,30.0
4713,15.0
4714,60.0
4715,23.33333333333333
4716,5.0
4717,1.0
4718,15.0
4719,208.0
4720,25.0
4721,30.0
4722,10.0
4723,20.0
4724,10.0
4725,25.0
4726,5.0
4727,12.4
4728,82.0
4729,10.0
4730,15.0
4731,15.0
4732,100.0
4733,75.0
4734,20.0
4735,30.0
4736,77.5
4737,8.0
4738,23.0
4739,30.0
4740,10.0
4741,120.0
4742,42.0
4743,10.0
4744,10.0
4745,45.0
4746,25.0
4747,64.0
4748,180.0
4749,70.0
4750,17.0
4751,2.0
4752,20.0
4753,80.0
4754,60.0
4755,10.0
4756,15.0
4757,5.0
4758,45.0
4759,30.0
4760,15.0
4761,20.0
4762,15.0
4763,36.0
4764,15.0
4765,5.0
4766,10.0
4767,11.0
4768,45.0
4769,15.0
4770,30.0
4771,20.0
4772,45.0
4773,5.0
4774,49.0
4775,60.0
4776,8.0
4777,31.25
4778,45.0
4779,15.0
4780,5.0
4781,105.0
4782,50.0
4783,5.0
4784,25.0
4785,45.0
4786,30.0
4787,75.0
4788,20.0
4789,12.0
4790,10.0
4791,5.0
4792,20.0
4793,12.0
4794,60.0
4795,5.0
4796,20.0
4797,10.0
4798,5.0
4799,90.0
4800,120.0
4801,30.0
4802,60.0
4803,25.0
4804,25.0
4805,10.0
4806,5.0
4807,33.5
4808,20.0
4809,19.0
4810,161.66666666666666
4811,15.0
4812,10.0
4813,120.0
4814,15.0
4815,4.0
4816,30.0
4817,30.0
4818,20.0
4819,120.0
4820,45.0
4821,30.0
4822,10.0
4823,30.0
4824,20.0
4825,5.0
4826,5.0
4827,21.5
4828,120.0
4829,101.0
4830,15.0
4831,18.0
4832,10.0
4833,20.0
4834,10.0
4835,30.0
4836,22.5
4837,2.0
4838,5.0
4839,90.0
4840,8.0
4841,15.0
4842,3.0
4843,23.0
4844,5.0
4845,10.0
4846,5.0
4847,57.0
4848,11.0
4849,60.0
4850,30.0
4851,4.5
4852,60.0
4853,5.0
4854,5.0
4855,13.5
4856,45.0
4857,30.0
4858,20.0
4859,15.0
4860,40.0
4861,2.0
4862,105.0
4863,15.0
4864,15.0
4865,15.0
4866,7.5
4867,100.0
4868,240.0
4869,30.0
4870,5.0
4871,15.0
4872,30.0
4873,5.0
4874,30.0
4875,10.0
4876,120.0
4877,24.5
4878,60.0
4879,5.0
4880,10.0
4881,30.0
4882,180.0
4883,147.0
4884,15.0
4885,10.0
4886,25.0
4887,45.0
4888,40.0
4889,10.0
4890,60.0
4891,27.0
4892,25.0
4893,45.0
4894,45.0
4895,10.0
4896,70.0
4897,60.0
4898,23.0
4899,8.0
4900,45.0
4901,10.0
4902,45.0
4903,10.0
4904,5.0
4905,45.0
4906,7.0
4907,5.0
4908,13.0
4909,5.0
4910,20.0
4911,20.0
4912,4.0
4913,18.0
4914,73.5
4915,10.0
4916,38.0
4917,10.0
4918,10.0
4919,600.0
4920,30.0
4921,60.0
4922,35.0
4923,3.0
4924,30.0
4925,60.333333333333336
4926,15.0
4927,10.0
4928,60.0
4929,45.0
4930,45.0
4931,49.0
4932,20.0
4933,20.0
4934,7.0
4935,15.0
4936,19.0
4937,37.5
4938,20.0
4939,30.0
4940,22.0
4941,4.0
4942,15.0
4943,20.0
4944,45.0
4945,30.0
4946,30.0
4947,10.0
4948,15.0
4949,35.0
4950,30.0
4951,33.0
4952,30.0
4953,210.0
4954,3.0
4955,10.0
4956,10.0
4957,120.0
4958,5.0
4959,28.0
4960,150.0
4961,5.0
4962,1.0
4963,5.0
4964,10.0
4965,53.0
4966,35.0
4967,30.0
4968,15.0
4969,135.0
4970,227.0
4971,46.5
4972,5.0
4973,45.0
4974,5.0
4975,60.0
4976,13.75
4977,5.0
4978,4.0
4979,5.0
4980,2.0
4981,60.0
4982,15.0
4983,20.0
4984,10.0
4985,5.0
4986,90.0
4987,123.0
4988,32.0
4989,58.0
4990,30.0
4991,5.0
4992,1.0
4993,5.0
4994,10.0
4995,45.0
4996,20.0
4997,16.666666666666668
4998,15.0
4999,30.0
5000,108.33333333333331
5001,25.0
5002,10.0
5003,9.0
5004,3.0
5005,7.0
5006,20.0
5007,3.0
5008,6.0
5009,80.0
5010,10.0
5011,20.0
5012,7.0
5013,30.0
5014,10.0
5015,80.0
5016,45.0
5017,5.0
5018,5.0
5019,20.0
5020,111.5
5021,30.0
5022,120.0
5023,45.0
5024,15.0
5025,33.0
5026,9.0
5027,30.0
5028,10.0
5029,10.0
5030,20.0
5031,10.0
5032,180.0
5033,10.0
5034,76.5
5035,8.0
5036,45.0
5037,1.0
5038,20.0
5039,20.0
5040,240.0
5041,150.0
5042,11.0
5043,30.0
5044,17.0
5045,5.0
5046,10.0
5047,17.5
5048,5.0
5049,20.0
5050,5.0
5051,15.0
5052,5.0
5053,20.0
5054,44.0
5055,34.0
5056,15.0
5057,30.0
5058,20.0
5059,10.0
5060,5.0
5061,10.0
5062,20.0
5063,10.0
5064,24.0
5065,18.0
5066,10.0
5067,18.0
5068,15.0
5069,10.0
5070,420.0
5071,45.0
5072,30.0
5073,5.0
5074,70.0
5075,10.0
5076,20.0
5077,20.0
5078,5.0
5079,3.0
5080,15.5
5081,10.0
5082,15.0
5083,17.0
5084,20.0
5085,120.0
5086,15.0
5087,360.0
5088,5.0
5089,40.0
5090,19.0
5091,33.0
5092,121.0
5093,63.0
5094,13.0
5095,30.0
5096,555.0
5097,5.0
5098,30.0
5099,5.0
5100,2.0
5101,75.0
5102,75.0
5103,10.0
5104,14.0
5105,10.0
5106,15.0
5107,5.0
5108,60.0
5109,20.0
5110,10.0
5111,5.0
5112,8.0
5113,10.0
5114,15.0
5115,15.0
5116,2.0
5117,5.0
5118,40.0
5119,120.0
5120,5.0
5121,20.0
5122,45.0
5123,5.0
5124,40.0
5125,542.0
5126,24.0
5127,13.0
5128,3.5
5129,1.0
5130,10.0
5131,10.0
5132,200.0
5133,9.0
5134,5.0
5135,10.0
5136,46.0
5137,18.5
5138,25.0
5139,15.0
5140,45.0
5141,17.5
5142,1.0
5143,15.0
5144,120.0
5145,15.0
5146,30.0
5147,20.0
5148,15.0
5149,20.0
5150,15.0
5151,8.0
5152,8.0
5153,40.0
5154,10.0
5155,240.0
5156,24.5
5157,27.0
5158,30.0
5159,35.0
5160,45.0
5161,64.0
5162,10.0
5163,240.0
5164,5.0
5165,5.0
5166,38.0
5167,15.0
5168,30.0
5169,15.0
5170,10.0
5171,80.0
5172,40.0
5173,15.0
5174,10.0
5175,16.0
5176,10.0
5177,10.0
5178,20.0
5179,37.5
5180,20.0
5181,20.0
5182,45.0
5183,20.0
5184,10.0
5185,60.0
5186,15.0
5187,8.0
5188,15.0
5189,15.0
5190,120.0
5191,10.0
5192,25.0
5193,5.0
5194,60.0
5195,20.0
5196,19.5
5197,20.0
5198,5.0
5199,10.0
5200,10.0
5201,51.0
5202,75.0
5203,10.0
5204,10.0
5205,15.0
5206,15.0
5207,30.0
5208,15.0
5209,15.0
5210,45.0
5211,40.0
5212,20.0
5213,15.0
5214,20.0
5215,113.0
5216,45.0
5217,180.0
5218,75.0
5219,10.0
5220,25.0
5221,30.0
5222,10.0
5223,10.0
5224,105.0
5225,10.0
5226,16.0
5227,20.0
5228,45.0
5229,30.0
5230,30.0
5231,60.0
5232,17.0
5233,5.0
5234,20.0
5235,10.0
5236,20.0
5237,5.0
5238,15.0
5239,5.0
5240,13.0
5241,30.0
5242,2.0
5243,120.0
5244,180.0
5245,35.0
5246,5.0
5247,1.0
5248,20.0
5249,55.0
5250,60.0
5251,10.0
5252,13.0
5253,53.0
5254,65.0
5255,60.0
5256,105.0
5257,5.0
5258,30.0
5259,11.0
5260,38.0
5261,15.0
5262,30.0
5263,180.0
5264,120.0
5265,60.0
5266,38.57142857142857
5267,45.0
5268,45.0
5269,60.0
5270,13.0
5271,13.0
5272,45.0
5273,20.0
5274,20.0
5275,90.0
5276,18.0
5277,70.0
5278,33.0
5279,5.0
5280,5.0
5281,30.0
5282,5.0
5283,15.0
5284,6039.0
5285,8.0
5286,45.0
5287,15.0
5288,25.0
5289,60.0
5290,120.0
5291,30.0
5292,60.0
5293,31.5
5294,25.0
5295,45.0
5296,25.0
5297,30.0
5298,10.0
5299,45.0
5300,30.0
5301,140.0
5302,15.0
5303,10.0
5304,16.0
5305,43.0
5306,10.0
5307,5.0
5308,10.0
5309,26.0
5310,10.0
5311,5.0
5312,19.0
5313,100.0
5314,5.0
5315,30.0
5316,25.0
5317,1.0
5318,15.0
5319,45.0
5320,38.0
5321,1.0
5322,130.0
5323,5.0
5324,30.0
5325,30.0
5326,180.0
5327,60.0
5328,5.0
5329,2.0
5330,22.0
5331,120.0
5332,240.0
5333,39.5
5334,90.0
5335,15.0
5336,20.0
5337,109.0
5338,5.0
5339,60.0
5340,150.0
5341,1.0
5342,30.0
5343,1.0
5344,120.0
5345,38.0
5346,30.0
5347,15.0
5348,70.0
5349,45.0
5350,27.5
5351,30.0
5352,30.0
5353,75.0
5354,30.0
5355,30.0
5356,5.0
5357,60.0
5358,30.0
5359,30.0
5360,10.0
5361,10.0
5362,29.0
5363,5.0
5364,40.0
5365,240.0
5366,210.0
5367,20.0
5368,5.0
5369,10.0
5370,15.0
5371,150.0
5372,40.0
5373,2.0
5374,1.0
5375,32.0
5376,201.0
5377,45.0
5378,20.0
5379,30.0
5380,60.0
5381,75.0
5382,10.0
5383,10.0
5384,20.0
5385,20.0
5386,90.0
5387,8.0
5388,3.0
5389,15.0
5390,30.0
5391,11.666666666666666
5392,20.0
5393,15.0
5394,8.0
5395,14.0
5396,5.0
5397,3.0
5398,5.0
5399,10.0
5400,90.0
5401,11.5
5402,10.0
5403,180.0
5404,120.0
5405,150.0
5406,30.0
5407,30.0
5408,15.0
5409,720.0
5410,87.0
5411,70.0
5412,5.0
5413,15.0
5414,30.0
5415,5.0
5416,45.0
5417,20.0
5418,15.333333333333334
5419,100.0
5420,60.0
5421,63.0
5422,30.0
5423,30.0
5424,15.0
5425,15.0
5426,43.333333333333336
5427,12.0
5428,39.0
5429,60.0
5430,13.0
5431,10.0
5432,10.0
5433,10.5
5434,5.0
5435,30.0
5436,105.0
5437,30.0
5438,60.0
5439,60.0
5440,20.0
5441,60.0
5442,15.0
5443,30.0
5444,13.0
5445,180.0
5446,15.0
5447,10.0
5448,5.0
5449,15.0
5450,15.0
5451,10.0
5452,5.0
5453,19.0
5454,20.0
5455,240.0
5456,60.0
5457,35.0
5458,10.0
5459,70.0
5460,30.0
5461,5.0
5462,5.0
5463,5.0
5464,60.0
5465,20.0
5466,60.0
5467,19.0
5468,10.0
5469,3.0
5470,10.0
5471,20.0
5472,180.0
5473,35.0
5474,52.0
5475,10.0
5476,20.0
5477,60.0
5478,30.0
5479,20.0
5480,10.0
5481,13.0
5482,50.0
5483,20.0
5484,36.5
5485,24.0
5486,180.0
5487,10.0
5488,15.0
5489,15.0
5490,10.0
5491,5.0
5492,15.0
5493,2.0
5494,20.0
5495,10.0
5496,30.0
5497,60.0
5498,301.6666666666667
5499,3.0
5500,10.0
5501,5.0
5502,60.0
5503,60.0
5504,41.66666666666666
5505,60.0
5506,30.0
5507,7.0
5508,45.0
5509,15.0
5510,20.0
5511,10.0
5512,10.0
5513,20.0
5514,34.0
5515,5.0
5516,120.0
5517,20.0
5518,60.0
5519,56.25
5520,47.5
5521,5.0
5522,20.0
5523,90.0
5524,10.0
5525,1.0
5526,45.0
5527,48.0
5528,30.0
5529,3.0
5530,30.0
5531,137.0
5532,15.0
5533,10.0
5534,41.25
5535,57.0
5536,45.0
5537,15.0
5538,33.0
5539,120.0
5540,15.0
5541,13.0
5542,60.0
5543,25.0
5544,20.0
5545,61.0
5546,5.0
5547,10.6
5548,20.0
5549,136.0
5550,10.0
5551,27.0
5552,10.0
5553,15.0
5554,10.0
5555,1.0
5556,90.0
5557,10.0
5558,45.0
5559,40.0
5560,5.0
5561,10.0
5562,20.0
5563,5.0
5564,35.0
5565,8.0
5566,13.0
5567,5.0
5568,40.0
5569,10.0
5570,20.0
5571,39.0
5572,120.0
5573,17.0
5574,20.33333333333333
5575,5.0
5576,36.5
5577,15.0
5578,5.0
5579,30.0
5580,10.0
5581,10.0
5582,13.0
5583,30.0
5584,5.0
5585,27.5
5586,5.0
5587,102.0
5588,53.0
5589,5.0
5590,30.0
5591,10.0
5592,13.0
5593,5.0
5594,30.0
5595,15.0
5596,60.0
5597,40.0
5598,5.0
5599,10.0
5600,10.0
5601,5.0
5602,5.0
5603,21.0
5604,10.0
5605,5.0
5606,15.0
5607,45.0
5608,28.0
5609,68.0
5610,35.0
5611,10.0
5612,10.0
5613,120.0
5614,15.0
5615,8.0
5616,18.0
5617,240.0
5618,24.0
5619,98.5
5620,20.0
5621,121.0
5622,46.0
5623,45.0
5624,85.0
5625,20.0
5626,10.0
5627,34.0
5628,30.0
5629,10.0
5630,13.0
5631,10.0
5632,10.0
5633,1.0
5634,5.0
5635,2.0
5636,10.0
5637,15.0
5638,20.0
5639,26.666666666666668
5640,5.0
5641,122.0
5642,65.0
5643,28.0
5644,10.0
5645,60.0
5646,60.0
5647,101.5
5648,10.0
5649,15.0
5650,60.0
5651,10.0
5652,5.0
5653,15.0
5654,210.0
5655,45.0
5656,20.0
5657,5.0
5658,20.0
5659,10.0
5660,15.0
5661,480.0
5662,52.5
5663,60.0
5664,30.0
5665,30.0
5666,50.0
5667,30.0
5668,5.0
5669,15.0
5670,5.0
5671,30.0
5672,45.0
5673,10.0
5674,150.0
5675,30.0
5676,45.333333333333336
5677,30.0
5678,10.0
5679,20.0
5680,5.0
5681,17.0
5682,15.0
5683,15.0
5684,40.0
5685,5.0
5686,5.0
5687,5.0
5688,5.0
5689,15.0
5690,5.0
5691,5.0
5692,20.0
5693,15.0
5694,30.0
5695,26.666666666666668
5696,5.0
5697,124.0
5698,25.0
5699,45.0
5700,60.0
5701,5.0
5702,20.0
5703,10.0
5704,30.0
5705,2880.0
5706,18.0
5707,60.0
5708,30.0
5709,15.0
5710,7.0
5711,1.0
5712,10.0
5713,5.0
5714,23.5
5715,41.66666666666666
5716,53.0
5717,27.0
5718,18.0
5719,30.0
5720,20.0
5721,10.0
5722,10.0
5723,10.0
5724,52.0
5725,33.0
5726,15.0
5727,15.0
5728,20.0
5729,48.0
5730,5.0
5731,60.0
5732,79.0
5733,13.0
5734,5.0
5735,48.0
5736,5.0
5737,5.0
5738,13.0
5739,5.0
5740,15.0
5741,18.0
5742,90.0
5743,10.0
5744,10.0
5745,30.0
5746,15.0
5747,17.5
5748,30.0
5749,5.0
5750,30.0
5751,21.0
5752,60.0
5753,30.0
5754,18.0
5755,20.0
5756,120.0
5757,5.0
5758,44.0
5759,5.0
5760,5.0
5761,10.0
5762,45.0
5763,15.0
5764,37.66666666666666
5765,5.0
5766,7.0
5767,5.0
5768,5.0
5769,15.0
5770,15.0
5771,20.0
5772,1.0
5773,30.0
5774,10.0
5775,10.0
5776,102.0
5777,7.0
5778,15.0
5779,20.0
5780,15.0
5781,10.0
5782,81.0
5783,30.0
5784,60.0
5785,5.0
5786,20.0
5787,15.0
5788,5.0
5789,60.0
5790,20.0
5791,41.5
5792,20.0
5793,50.0
5794,39.0
5795,75.0
5796,13.0
5797,1.0
5798,60.0
5799,5.0
5800,27.0
5801,14.0
5802,10.0
5803,15.0
5804,0.0
5805,15.0
5806,270.0
5807,205.5
5808,15.0
5809,1.0
5810,8.0
5811,5.0
5812,5.0
5813,60.0
5814,20.0
5815,8.0
5816,5.0
5817,10.0
5818,45.0
5819,60.0
5820,2.0
5821,45.0
5822,5.0
5823,18.0
5824,15.0
5825,15.0
5826,120.0
5827,5.0
5828,1.0
5829,15.0
5830,10.0
5831,5.0
5832,15.0
5833,45.0
5834,60.0
5835,90.0
5836,10.0
5837,17.0
5838,30.0
5839,17.0
5840,1.0
5841,13.0
5842,25.0
5843,20.0
5844,33.0
5845,10.0
5846,1.0
5847,30.0
5848,30.0
5849,30.0
5850,15.0
5851,171.0
5852,5.0
5853,16.0
5854,15.0
5855,45.0
5856,13.0
5857,1.0
5858,51.0
5859,1.0
5860,10.0
5861,120.0
5862,10.0
5863,43.0
5864,23.0
5865,30.0
5866,15.0
5867,37.0
5868,35.0
5869,8.0
5870,60.0
5871,5.0
5872,23.0
5873,15.0
5874,5.0
5875,10.0
5876,13.0
5877,15.0
5878,53.0
5879,45.0
5880,15.0
5881,33.0
5882,120.0
5883,10.0
5884,2.0
5885,5.0
5886,5.0
5887,30.0
5888,5.0
5889,48.0
5890,146.0
5891,45.0
5892,104.0
5893,60.0
5894,240.0
5895,90.0
5896,25.0
5897,45.0
5898,16.666666666666668
5899,35.0
5900,50.0
5901,5.0
5902,18.0
5903,10.0
5904,15.0
5905,30.0
5906,10.0
5907,68.0
5908,20.0
5909,45.0
5910,5.0
5911,7.0
5912,10.5
5913,10.0
5914,7.0
5915,5.0
5916,15.0
5917,18.0
5918,11.0
5919,13.0
5920,180.0
5921,10.0
5922,5.0
5923,20.0
5924,20.0
5925,5.0
5926,61.0
5927,13.0
5928,1.0
5929,5.0
5930,5.0
5931,18.0
5932,10.0
5933,15.0
5934,120.0
5935,180.0
5936,13.0
5937,180.0
5938,35.0
5939,20.0
5940,19.0
5941,1.0
5942,25.0
5943,30.0
5944,20.0
5945,5.0
5946,310.0
5947,15.0
5948,5.0
5949,10.0
5950,15.0
5951,20.0
5952,2.0
5953,5.0
5954,240.0
5955,120.0
5956,120.0
5957,1.0
5958,20.0
5959,10.0
5960,5.0
5961,38.0
5962,20.0
5963,5.0
5964,10.0
5965,5.0
5966,23.0
5967,20.0
5968,30.0
5969,15.0
5970,5.0
5971,45.0
5972,20.0
5973,30.0
5974,20.0
5975,15.0
5976,15.25
5977,21.0
5978,293.0
5979,20.0
5980,13.333333333333334
5981,30.0
5982,22.5
5983,39.0
5984,19.0
5985,20.0
5986,18.0
5987,30.0
5988,5.0
5989,120.0
5990,120.0
5991,30.0
5992,20.0
5993,33.0
5994,5.0
5995,5.0
5996,60.0
5997,12.0
5998,15.0
5999,30.0
6000,6.0
6001,12.0
6002,5.0
6003,15.0
6004,20.0
6005,60.0
6006,5.0
6007,451.0
6008,5.0
6009,15.0
6010,5.0
6011,25.0
6012,30.0
6013,5.0
6014,100.0
6015,15.0
6016,40.0
6017,60.0
6018,20.0
6019,5.0
6020,30.0
6021,5.0
6022,45.0
6023,20.0
6024,30.0
6025,30.0
6026,5.0
6027,20.0
6028,5.0
6029,25.0
6030,15.0
6031,10.0
6032,80.0
6033,15.0
6034,20.0
6035,18.0
6036,23.0
6037,0.0
6038,30.0
6039,15.0
6040,33.0
6041,19.5
6042,18.0
6043,87.0
6044,30.0
6045,22.0
6046,50.0
6047,23.0
6048,60.0
6049,5.0
6050,15.0
6051,10.0
6052,45.0
6053,60.0
6054,60.0
6055,25.0
6056,360.0
6057,27.0
6058,90.0
6059,13.666666666666666
6060,45.0
6061,20.0
6062,8.0
6063,45.0
6064,23.0
6065,20.0
6066,40.75
6067,3.0
6068,30.0
6069,200.0
6070,40.0
6071,17.0
6072,50.0
6073,20.0
6074,5.0
6075,18.0
6076,15.0
6077,5.0
6078,15.0
6079,5.0
6080,20.0
6081,20.0
6082,15.0
6083,20.0
6084,15.0
6085,30.0
6086,28.0
6087,54.0
6088,15.0
6089,60.0
6090,5.0
6091,20.0
6092,30.0
6093,180.0
6094,15.0
6095,60.0
6096,60.0
6097,13.0
6098,20.0
6099,280.0
6100,60.0
6101,1.0
6102,20.0
6103,5.0
6104,20.0
6105,43.0
6106,45.0
6107,5.0
6108,30.0
6109,10.0
6110,87.0
6111,27.0
6112,150.0
6113,180.0
6114,30.0
6115,15.0
6116,10.0
6117,120.0
6118,15.0
6119,60.0
6120,3.0
6121,15.0
6122,45.0
6123,43.0
6124,30.0
6125,45.0
6126,29.0
6127,17.0
6128,10.0
6129,30.0
6130,76.0
6131,30.0
6132,30.0
6133,25.0
6134,30.0
6135,45.0
6136,11.5
6137,120.0
6138,17.0
6139,15.0
6140,10.0
6141,23.0
6142,10.0
6143,60.0
6144,45.0
6145,30.0
6146,4200.0
6147,2.0
6148,60.0
6149,5.0
6150,10.0
6151,40.0
6152,5.0
6153,10.0
6154,13.0
6155,90.0
6156,10.0
6157,20.0
6158,10.0
6159,25.0
6160,20.0
6161,10.0
6162,2.0
6163,15.0
6164,83.0
6165,33.0
6166,10.0
6167,30.0
6168,15.0
6169,10.0
6170,30.0
6171,15.0
6172,15.0
6173,20.0
6174,30.0
6175,10.0
6176,30.0
6177,20.0
6178,5.0
6179,20.0
6180,30.0
6181,25.0
6182,34.0
6183,20.0
6184,15.0
6185,5.0
6186,48.0
6187,11.25
6188,9.0
6189,5.0
6190,10.0
6191,35.0
6192,20.0
6193,8.0
6194,240.0
6195,45.0
6196,5.0
6197,20.0
6198,30.0
6199,20.0
6200,30.0
6201,15.0
6202,10.0
6203,60.0
6204,25.0
6205,20.0
6206,10.0
6207,15.0
6208,5.0
6209,20.0
6210,7.333333333333333
6211,15.0
6212,20.0
6213,1.0
6214,90.0
6215,21.0
6216,7.0
6217,10.0
6218,48.0
6219,18.0
6220,28.0
6221,180.0
6222,81.0
6223,27.0
6224,5.0
6225,20.0
6226,15.0
6227,35.0
6228,25.0
6229,15.0
6230,15.0
6231,5.0
6232,180.0
6233,12.0
6234,88.0
6235,10.0
6236,11.0
6237,15.0
6238,20.0
6239,45.0
6240,30.0
6241,20.0
6242,18.0
6243,30.0
6244,10.0
6245,5.0
6246,10.0
6247,5.0
6248,35.0
6249,85.0
6250,1.0
6251,10.0
6252,5.0
6253,15.0
6254,60.0
6255,720.0
6256,15.0
6257,30.5
6258,5.0
6259,5.0
6260,15.0
6261,18.0
6262,30.0
6263,45.0
6264,16.0
6265,7.0
6266,45.0
6267,60.0
6268,3.0
6269,60.0
6270,45.0
6271,13.0
6272,15.0
6273,71.14285714285714
6274,40.0
6275,214.0
6276,30.0
6277,7.0
6278,75.0
6279,60.0
6280,5.0
6281,34.0
6282,16.0
6283,30.0
6284,20.0
6285,16.5
6286,90.0
6287,60.0
6288,60.0
6289,60.0
6290,30.0
6291,15.0
6292,5.0
6293,35.0
6294,11.0
6295,8.0
6296,20.0
6297,180.0
6298,7.0
6299,3.5
6300,5.0
6301,15.0
6302,34.0
6303,25.0
6304,5.0
6305,170.0
6306,60.0
6307,53.0
6308,5.0
6309,2.0
6310,20.0
6311,16.0
6312,30.0
6313,3.0
6314,30.0
6315,18.0
6316,200.0
6317,20.0
6318,135.0
6319,15.0
6320,60.0
6321,52.0
6322,108.0
6323,90.0
6324,28.0
6325,45.0
6326,25.0
6327,15.0
6328,20.0
6329,180.0
6330,15.0
6331,15.0
6332,7.0
6333,10.0
6334,10.0
6335,1.0
6336,1.0
6337,15.0
6338,5.0
6339,1.0
6340,6.0
6341,60.0
6342,18.0
6343,25.0
6344,10.0
6345,15.0
6346,15.0
6347,35.0
6348,29.0
6349,120.0
6350,5.0
6351,45.0
6352,10.0
6353,114.0
6354,15.0
6355,5.0
6356,2.0
6357,5.0
6358,10.0
6359,40.0
6360,5.0
6361,20.0
6362,500.0
6363,105.0
6364,60.0
6365,45.0
6366,60.0
6367,1.0
6368,15.0
6369,15.0
6370,15.0
6371,30.0
6372,20.0
6373,15.0
6374,86.0
6375,45.0
6376,20.0
6377,10.0
6378,7.0
6379,11.0
6380,8.0
6381,20.0
6382,30.0
6383,10.0
6384,20.0
6385,5.0
6386,30.0
6387,5.0
6388,20.0
6389,10.0
6390,1.0
6391,16.0
6392,150.0
6393,120.0
6394,18.0
6395,30.0
6396,103.0
6397,20.0
6398,33.0
6399,3966.0
6400,45.0
6401,30.0
6402,5.0
6403,10.0
6404,30.0
6405,10.0
6406,38.0
6407,141.0
6408,18.0
6409,60.0
6410,10.0
6411,120.0
6412,51.0
6413,230.0
6414,5.0
6415,20.0
6416,5.0
6417,8.0
6418,5.0
6419,10.0
6420,15.0
6421,10.0
6422,60.0
6423,10.0
6424,20.0
6425,1.0
6426,5.0
6427,38.0
6428,10.0
6429,20.0
6430,30.0
6431,45.0
6432,23.0
6433,5.0
6434,48.0
6435,10.0
6436,30.0
6437,87.0
6438,105.0
6439,60.0
6440,38.0
6441,10.0
6442,675.0
6443,300.0
6444,20.0
6445,11.0
6446,10.0
6447,240.0
6448,10.0
6449,57.5
6450,27.5
6451,20.0
6452,45.0
6453,15.0
6454,143.5
6455,16.0
6456,45.0
6457,1.0
6458,15.0
6459,10.0
6460,10.0
6461,28.33333333333333
6462,10.0
6463,60.0
6464,10.0
6465,20.0
6466,2.0
6467,250.0
6468,10.0
6469,55.0
6470,2.0
6471,60.0
6472,15.0
6473,20.0
6474,100.0
6475,40.0
6476,5.0
6477,240.0
6478,13.0
6479,30.0
6480,5.0
6481,100.0
6482,2.0
6483,285.0
6484,5.0
6485,10.0
6486,46.0
6487,42.0
6488,23.0
6489,45.0
6490,5.0
6491,5.0
6492,10.0
6493,13.0
6494,2880.0
6495,120.0
6496,3.0
6497,50.0
6498,22.0
6499,15.0
6500,20.0
6501,15.0
6502,10.0
6503,15.0
6504,5.0
6505,20.0
6506,1.0
6507,8.0
6508,70.0
6509,5.0
6510,73.0
6511,10.0
6512,5.0
6513,25.0
6514,30.0
6515,10.0
6516,20.0
6517,33.0
6518,15.0
6519,5.0
6520,5.0
6521,45.0
6522,18.0
6523,90.0
6524,30.0
6525,35.0
6526,5.0
6527,10.0
6528,120.0
6529,33.0
6530,28.0
6531,45.0
6532,15.0
6533,10.0
6534,70.0
6535,15.0
6536,15.0
6537,30.0
6538,10.0
6539,30.0
6540,15.0
6541,30.0
6542,10.0
6543,34.5
6544,61.0
6545,74.0
6546,20.0
6547,15.0
6548,20.0
6549,20.0
6550,5.0
6551,5.0
6552,43.0
6553,30.0
6554,9.0
6555,57.66666666666666
6556,60.0
6557,45.0
6558,30.0
6559,15.0
6560,15.0
6561,5.0
6562,20.0
6563,40.0
6564,16.0
6565,10.0
6566,22.0
6567,13.0
6568,10.0
6569,5.0
6570,19.0
6571,10.0
6572,20.0
6573,5.0
6574,12.0
6575,36.0
6576,30.0
6577,45.0
6578,60.0
6579,24.0
6580,120.0
6581,60.0
6582,30.0
6583,33.0
6584,5.0
6585,5.0
6586,15.0
6587,30.0
6588,30.0
6589,10.0
6590,30.0
6591,45.0
6592,20.0
6593,25.0
6594,20.0
6595,16.0
6596,15.0
6597,60.0
6598,90.0
6599,5.0
6600,10.0
6601,5.0
6602,20.0
6603,25.0
6604,10.0
6605,61.0
6606,243.0
6607,29.0
6608,42.5
6609,20.0
6610,13.0
6611,0.0
6612,55.0
6613,5.0
6614,21.0
6615,5.0
6616,14.0
6617,29.0
6618,23.0
6619,7.0
6620,25.0
6621,25.0
6622,25.0
6623,20.0
6624,128.75
6625,5.0
6626,30.0
6627,45.0
6628,17.5
6629,23.0
6630,5.0
6631,18.0
6632,6.0
6633,15.0
6634,5.0
6635,15.0
6636,20.5
6637,180.0
6638,10.0
6639,120.0
6640,50.0
6641,20.0
6642,20.0
6643,20.0
6644,8.0
6645,15.0
6646,2.0
6647,30.0
6648,19.0
6649,30.0
6650,5.0
6651,1440.0
6652,5.0
6653,20.0
6654,25.0
6655,10.0
6656,40.0
6657,2.0
6658,20.0
6659,3.0
6660,10.0
6661,30.0
6662,60.0
6663,10.0
6664,5.0
6665,14.0
6666,23.0
6667,248.0
6668,29.0
6669,180.0
6670,10.333333333333334
6671,99.0
6672,5.0
6673,50.0
6674,38.0
6675,30.0
6676,25.0
6677,30.0
6678,75.0
6679,10.0
6680,25.0
6681,60.0
6682,120.0
6683,15.0
6684,22.0
6685,25.0
6686,8.5
6687,19.0
6688,20.0
6689,45.0
6690,60.0
6691,30.0
6692,31.0
6693,15.0
6694,8.0
6695,36.0
6696,5.0
6697,16.0
6698,30.0
6699,10.0
6700,45.0
6701,10.0
6702,15.0
6703,5.0
6704,90.0
6705,130.0
6706,10.0
6707,10.0
6708,20.0
6709,10.0
6710,60.0
6711,20.0
6712,5.0
6713,15.0
6714,5.0
6715,10.0
6716,30.0
6717,10.0
6718,23.0
6719,5.0
6720,540.0
6721,30.0
6722,35.0
6723,18.0
6724,45.0
6725,5940.0
6726,60.0
6727,12.0
6728,5.0
6729,45.0
6730,10.0
6731,20.0
6732,90.0
6733,28.0
6734,5.0
6735,77.0
6736,30.0
6737,10.0
6738,30.0
6739,1.0
6740,120.0
6741,10.0
6742,25.0
6743,30.0
6744,60.0
6745,20.0
6746,15.0
6747,20.0
6748,2.0
6749,58.0
6750,60.0
6751,5.0
6752,101.5
6753,15.0
6754,13.666666666666666
6755,60.0
6756,30.0
6757,15.0
6758,10.0
6759,36.66666666666666
6760,9.0
6761,5.0
6762,5.0
6763,20.0
6764,45.0
6765,5.0
6766,5.0
6767,46.0
6768,5.0
6769,5.0
6770,10.0
6771,5.0
6772,15.0
6773,30.0
6774,30.0
6775,10.0
6776,60.0
6777,180.0
6778,40.0
6779,5.0
6780,5.0
6781,89.4
6782,60.0
6783,14.0
6784,5.0
6785,120.0
6786,10.0
6787,18.0
6788,15.0
6789,8.0
6790,5.0
6791,45.0
6792,10.0
6793,25.0
6794,22.5
6795,15.0
6796,30.0
6797,10.0
6798,55.0
6799,30.0
6800,10.0
6801,45.0
6802,10.0
6803,360.0
6804,10.0
6805,10.0
6806,60.0
6807,5.0
6808,15.0
6809,5.0
6810,120.0
6811,20.0
6812,4.0
6813,10.0
6814,12.0
6815,10.0
6816,15.0
6817,30.0
6818,5.0
6819,10.0
6820,30.0
6821,25.0
6822,20.0
6823,28.0
6824,300.0
6825,4.0
6826,1.0
6827,153.0
6828,23.0
6829,30.0
6830,15.0
6831,5.0
6832,7.0
6833,20.0
6834,10.0
6835,5.0
6836,30.0
6837,30.0
6838,10.0
6839,5.0
6840,180.0
6841,29.0
6842,30.0
6843,60.0
6844,178.0
6845,15.0
6846,35.0
6847,10.0
6848,60.0
6849,60.0
6850,18.0
6851,150.0
6852,30.0
6853,58.0
6854,15.0
6855,8.0
6856,45.0
6857,10.0
6858,5.0
6859,30.0
6860,180.0
6861,63.0
6862,60.0
6863,53.0
6864,45.0
6865,3.0
6866,29.0
6867,36.0
6868,15.0
6869,26.0
6870,20.0
6871,5.0
6872,10.0
6873,25.0
6874,18.0
6875,30.0
6876,10.0
6877,8.0
6878,37.0
6879,60.0
6880,15.0
6881,29.0
6882,14.0
6883,10.0
6884,17.0
6885,1.0
6886,20.0
6887,20.0
6888,8.0
6889,20.0
6890,15.0
6891,20.0
6892,15.0
6893,5.0
6894,15.0
6895,45.0
6896,10.0
6897,10.0
6898,15.0
6899,10.0
6900,45.0
6901,15.0
6902,5.0
6903,5.0
6904,30.0
6905,10.0
6906,40.0
6907,120.0
6908,18.33333333333333
6909,45.0
6910,98.0
6911,39.0
6912,33.0
6913,200.0
6914,90.0
6915,20.0
6916,10.0
6917,68.0
6918,45.0
6919,18.0
6920,20.0
6921,12.0
6922,25.0
6923,26.0
6924,120.0
6925,18.0
6926,32.0
6927,33.0
6928,15.0
6929,10.0
6930,20.0
6931,720.0
6932,10.0
6933,30.0
6934,1.0
6935,105.0
6936,60.0
6937,10.0
6938,47.0
6939,25.0
6940,17.5
6941,34.0
6942,59.0
6943,60.0
6944,60.0
6945,10.0
6946,5.0
6947,15.0
6948,15.0
6949,10.0
6950,15.0
6951,15.0
6952,13.0
6953,30.0
6954,60.0
6955,1.0
6956,10.0
6957,45.0
6958,30.0
6959,15.0
6960,20.0
6961,90.0
6962,5.0
6963,360.0
6964,10.0
6965,137.0
6966,30.0
6967,40.0
6968,10.0
6969,5.0
6970,90.0
6971,5.0
6972,30.0
6973,15.0
6974,10.0
6975,22.0
6976,15.0
6977,30.0
6978,5.0
6979,33.0
6980,30.0
6981,65.0
6982,5.0
6983,120.0
6984,20.0
6985,180.0
6986,28.0
6987,20.0
6988,25.0
6989,5.0
6990,5.0
6991,5.0
6992,9.0
6993,32.0
6994,60.0
6995,10.0
6996,20.0
6997,24.5
6998,10.0
6999,3.0
7000,20.0
7001,13.0
7002,20.0
7003,15.0
7004,5.0
7005,15.0
7006,10.0
7007,16.0
7008,13.0
7009,20.0
7010,180.0
7011,13.0
7012,20.0
7013,42.0
7014,45.0
7015,5.0
7016,20.0
7017,5.0
7018,15.0
7019,2.0
7020,23.5
7021,370.0
7022,150.0
7023,48.0
7024,10.0
7025,6.0
7026,18.0
7027,45.0
7028,10.0
7029,11.0
7030,10.0
7031,5.0
7032,20.0
7033,15.0
7034,10.0
7035,40.0
7036,5.0
7037,15.0
7038,49.0
7039,300.0
7040,29.0
7041,10.0
7042,120.0
7043,30.0
7044,13.0
7045,60.0
7046,68.0
7047,25.5
7048,53.0
7049,1.0
7050,45.0
7051,6.0
7052,35.0
7053,5.0
7054,10.0
7055,10.0
7056,18.0
7057,10.0
7058,18.0
7059,30.0
7060,30.0
7061,5.0
7062,10.0
7063,60.0
7064,5.0
7065,18.0
7066,60.0
7067,20.0
7068,60.0
7069,20.0
7070,68.0
7071,60.0
7072,900.0
7073,45.0
7074,45.0
7075,80.0
7076,30.0
7077,20.0
7078,30.0
7079,0.0
7080,5.0
7081,10.0
7082,20.0
7083,49.0
7084,30.0
7085,120.0
7086,30.0
7087,8.0
7088,30.0
7089,120.0
7090,15.0
7091,5.0
7092,35.0
7093,5.0
7094,60.0
7095,15.0
7096,15.0
7097,66.0
7098,45.0
7099,60.0
7100,15.0
7101,2.0
7102,10.0
7103,20.0
7104,26.0
7105,23.0
7106,40.0
7107,35.0
7108,32.0
7109,120.0
7110,80.0
7111,20.0
7112,5.0
7113,30.0
7114,150.0
7115,2.0
7116,240.0
7117,31.0
7118,26.0
7119,40.0
7120,2.0
7121,27.0
7122,90.0
7123,5.0
7124,180.0
7125,5.0
7126,30.0
7127,30.0
7128,15.0
7129,10.0
7130,60.0
7131,20.0
7132,20.0
7133,5.0
7134,15.0
7135,18.0
7136,300.0
7137,30.0
7138,15.0
7139,20.0
7140,52.0
7141,8.0
7142,5.0
7143,3.0
7144,5.0
7145,6.0
7146,30.0
7147,10.0
7148,20.0
7149,10.0
7150,15.0
7151,90.0
7152,5.0
7153,60.0
7154,10.0
7155,300.0
7156,10.0
7157,45.0
7158,14.0
7159,150.0
7160,20.0
7161,30.0
7162,33.0
7163,20.0
7164,38.0
7165,5.0
7166,10.0
7167,32.0
7168,61.0
7169,19.0
7170,45.0
7171,7.0
7172,5.0
7173,5.0
7174,7.5
7175,3.0
7176,7.0
7177,10.0
7178,90.0
7179,30.0
7180,30.0
7181,40.0
7182,63.0
7183,60.0
7184,45.0
7185,22.0
7186,65.0
7187,20.0
7188,36.0
7189,1.0
7190,10.0
7191,20.0
7192,20.0
7193,30.0
7194,1.0
7195,10.0
7196,18.0
7197,10.0
7198,60.0
7199,5.0
7200,10.0
7201,45.0
7202,45.0
7203,27.0
7204,30.0
7205,20.0
7206,13.0
7207,60.0
7208,45.0
7209,10.0
7210,15.0
7211,33.0
7212,22.5
7213,23.0
7214,101.5
7215,5.0
7216,15.0
7217,5.0
7218,60.0
7219,53.0
7220,10.0
7221,60.0
7222,9.0
7223,15.0
7224,90.0
7225,8.0
7226,45.0
7227,2.0
7228,10.0
7229,20.0
7230,5.0
7231,3.0
7232,10.0
7233,15.0
7234,180.0
7235,45.0
7236,15.0
7237,20.0
7238,10.0
7239,28.0
7240,30.0
7241,10.0
7242,10.0
7243,5.0
7244,24.0
7245,30.0
7246,24.0
7247,28.0
7248,40.0
7249,6.0
7250,83.0
7251,67.0
7252,5.0
7253,90.0
7254,30.0
7255,95.0
7256,1.0
7257,45.0
7258,5.0
7259,5.0
7260,10.0
7261,39.0
7262,20.0
7263,30.0
7264,10.0
7265,5.0
7266,20.0
7267,7.0
7268,10.0
7269,30.0
7270,45.0
7271,30.0
7272,45.0
7273,53.0
7274,5.0
7275,45.0
7276,30.0
7277,60.0
7278,30.0
7279,17.0
7280,2.0
7281,15.0
7282,55.0
7283,5.0
7284,14.714285714285714
7285,13.0
7286,15.0
7287,33.333333333333336
7288,60.0
7289,180.0
7290,34.0
7291,10.0
7292,38.0
7293,53.0
7294,15.0
7295,8.0
7296,120.0
7297,180.0
7298,35.0
7299,15.0
7300,90.0
7301,31.0
7302,15.0
7303,60.0
7304,60.0
7305,46.0
7306,120.0
7307,17.0
7308,10.0
7309,120.0
7310,30.0
7311,105.0
7312,10.0
7313,10.0
7314,15.0
7315,120.0
7316,18.0
7317,5400.0
7318,15.0
7319,300.0
7320,10.0
7321,6939.0
7322,20.0
7323,15.0
7324,90.0
7325,5.0
7326,15.0
7327,180.0
7328,120.0
7329,300.0
7330,9.0
7331,120.0
7332,81.0
7333,13.0
7334,17.0
7335,8.0
7336,30.0
7337,15.0
7338,10.0
7339,10.0
7340,15.0
7341,97.0
7342,32.0
7343,235.0
7344,10.0
7345,20.0
7346,10.0
7347,3.333333333333333
7348,60.0
7349,5.0
7350,38.0
7351,15.0
7352,15.0
7353,7.0
7354,5.0
7355,5.0
7356,10.0
7357,5.0
7358,20.0
7359,5.0
7360,15.0
7361,15.0
7362,20.0
7363,34.0
7364,25.0
7365,1857.5
7366,45.0
7367,5.0
7368,10.0
7369,5.0
7370,15.0
7371,35.5
7372,120.0
7373,40.0
7374,21.0
7375,40.0
7376,5.0
7377,150.0
7378,25.0
7379,5.0
7380,90.0
7381,15.0
7382,10.0
7383,5.0
7384,20.0
7385,8.0
7386,8.0
7387,5.0
7388,70.0
7389,8.0
7390,30.0
7391,30.0
7392,15.0
7393,45.0
7394,13.0
7395,18.0
7396,5.0
7397,45.0
7398,60.0
7399,60.0
7400,30.0
7401,10.0
7402,30.0
7403,10.0
7404,15.0
7405,120.0
7406,52.25
7407,20.0
7408,60.0
7409,45.0
7410,38.0
7411,5.0
7412,120.0
7413,20.0
7414,120.0
7415,10.0
7416,5.0
7417,20.0
7418,15.0
7419,10.0
7420,8.0
7421,120.0
7422,10.0
7423,60.0
7424,10.0
7425,20.0
7426,15.0
7427,18.0
7428,5.0
7429,37.0
7430,75.0
7431,33.0
7432,10.0
7433,15.0
7434,15.0
7435,15.0
7436,15.0
7437,28.0
7438,15.0
7439,5.0
7440,40.0
7441,15.0
7442,20.0
7443,40.0
7444,5.0
7445,10.0
7446,20.0
7447,21.0
7448,15.0
7449,10.0
7450,20.0
7451,44.0
7452,44.0
7453,15.0
7454,120.0
7455,60.0
7456,77.5
7457,5.0
7458,9.0
7459,3.6666666666666665
7460,40.0
7461,5.0
7462,15.0
7463,13.0
7464,15.0
7465,10.0
7466,45.0
7467,15.0
7468,10.0
7469,7.0
7470,8.0
7471,20.0
7472,120.0
7473,2.0
7474,9.0
7475,21.5
7476,15.0
7477,30.0
7478,10.0
7479,30.0
7480,8.0
7481,14.0
7482,66.0
7483,23.0
7484,30.0
7485,15.0
7486,30.0
7487,30.0
7488,3.0
7489,5.0
7490,40.0
7491,210.0
7492,15.0
7493,20.0
7494,40.0
7495,240.0
7496,15.0
7497,30.0
7498,10.0
7499,5.0
7500,14.0
7501,60.0
7502,45.0
7503,5.0
7504,2.0
7505,10.0
7506,5.0
7507,20.0
7508,13.0
7509,38.0
7510,10.0
7511,90.0
7512,15.0
7513,52.0
7514,10.0
7515,10.0
7516,30.0
7517,15.0
7518,11.0
7519,20.0
7520,7.0
7521,5.0
7522,5.0
7523,149.0
7524,30.0
7525,5.0
7526,15.0
7527,10.0
7528,34.0
7529,25.0
7530,60.0
7531,135.0
7532,5.0
7533,10.0
7534,15.0
7535,75.0
7536,5.0
7537,4.0
7538,5.0
7539,55.0
7540,15.0
7541,10.0
7542,20.0
7543,15.0
7544,45.0
7545,30.0
7546,4.0
7547,45.0
7548,30.0
7549,90.0
7550,60.0
7551,60.0
7552,13.0
7553,18.0
7554,15.0
7555,35.0
7556,15.0
7557,66.5
7558,15.0
7559,20.0
7560,0.0
7561,10.0
7562,60.0
7563,45.0
7564,20.0
7565,30.666666666666668
7566,10.0
7567,20.0
7568,13.0
7569,20.0
7570,30.0
7571,10.0
7572,60.0
7573,240.0
7574,437.6666666666667
7575,10.0
7576,10.0
7577,3.5
7578,10.0
7579,10.0
7580,11.0
7581,30.0
7582,30.0
7583,5.0
7584,5.0
7585,90.0
7586,1.0
7587,77.5
7588,33.0
7589,60.0
7590,25.0
7591,86.66666666666667
7592,10.0
7593,22.0
7594,38.0
7595,30.0
7596,10.0
7597,152.5
7598,10.0
7599,180.0
7600,20.0
7601,13.0
7602,15.0
7603,33.333333333333336
7604,2.0
7605,8.0
7606,26.0
7607,20.0
7608,20.0
7609,15.0
7610,11.5
7611,66.0
7612,30.0
7613,68.0
7614,60.0
7615,10.0
7616,15.0
7617,60.0
7618,15.0
7619,10.0
7620,120.0
7621,5.0
7622,720.0
7623,10.0
7624,1.0
7625,5.0
7626,45.0
7627,10.0
7628,5.0
7629,35.0
7630,10.0
7631,10.0
7632,5.0
7633,3.0
7634,45.0
7635,30.0
7636,15.0
7637,5.0
7638,139.0
7639,30.0
7640,73.75
7641,15.0
7642,5.0
7643,30.0
7644,90.0
7645,15.0
7646,40.0
7647,15.0
7648,5.0
7649,5.0
7650,5.0
7651,60.0
7652,5.0
7653,30.0
7654,15.0
7655,75.0
7656,5.0
7657,40.0
7658,3.0
7659,15.0
7660,15.0
7661,18.0
7662,180.0
7663,30.0
7664,16.0
7665,30.0
7666,15.0
7667,60.0
7668,40.0
7669,5.0
7670,63.5
7671,30.0
7672,20.0
7673,45.0
7674,1200.0
7675,10.0
7676,5.0
7677,3.0
7678,9.5
7679,60.0
7680,15.0
7681,30.0
7682,20.0
7683,30.0
7684,10.0
7685,30.0
7686,10.0
7687,16.0
7688,100.0
7689,18.0
7690,15.0
7691,20.0
7692,18.0
7693,20.0
7694,67.5
7695,10.0
7696,168.0
7697,20.0
7698,20.0
7699,60.0
7700,124.0
7701,15.0
7702,2.0
7703,30.0
7704,15.0
7705,13.0
7706,25.0
7707,10.0
7708,15.0
7709,10.0
7710,8.0
7711,75.0
7712,5.0
7713,3.0
7714,60.0
7715,50.0
7716,5.0
7717,24.0
7718,10.0
7719,120.0
7720,31.0
7721,16.0
7722,14.0
7723,2.0
7724,37.66666666666666
7725,25.0
7726,5.0
7727,15.0
7728,20.0
7729,15.0
7730,60.0
7731,51.333333333333336
7732,40.0
7733,15.0
7734,5.0
7735,180.0
7736,51.0
7737,20.0
7738,95.0
7739,20.0
7740,30.0
7741,10.0
7742,10.0
7743,90.0
7744,10.0
7745,20.0
7746,24.0
7747,30.0
7748,15.0
7749,240.0
7750,14.0
7751,10.0
7752,30.0
7753,12.0
7754,1.0
7755,10.0
7756,140.0
7757,15.0
7758,10.0
7759,23.0
7760,210.0
7761,120.0
7762,26.33333333333333
7763,16.0
7764,7.0
7765,25.0
7766,15.0
7767,7.0
7768,30.0
7769,10.0
7770,20.0
7771,25.0
7772,15.0
7773,5.0
7774,27.0
7775,20.0
7776,15.0
7777,13.0
7778,5.0
7779,15.0
7780,10.0
7781,15.0
7782,120.0
7783,180.0
7784,16.0
7785,10.0
7786,45.0
7787,5.0
7788,11.0
7789,8.0
7790,30.0
7791,38.0
7792,20.0
7793,23.0
7794,15.0
7795,10.0
7796,60.0
7797,3.0
7798,15.0
7799,120.0
7800,45.0
7801,5.0
7802,45.0
7803,28.0
7804,34.0
7805,3.0
7806,30.0
7807,30.0
7808,75.0
7809,5.0
7810,85.0
7811,15.0
7812,15.0
7813,9.333333333333334
7814,8.0
7815,15.0
7816,10.0
7817,5.0
7818,38.0
7819,120.0
7820,15.0
7821,10.0
7822,28.0
7823,19.0
7824,15.0
7825,35.0
7826,14.0
7827,20.0
7828,30.0
7829,20.0
7830,180.0
7831,360.0
7832,112.5
7833,15.0
7834,55.0
7835,5.0
7836,120.0
7837,5.0
7838,120.0
7839,8.5
7840,5.0
7841,20.0
7842,10.0
7843,32.5
7844,50.0
7845,20.0
7846,13.0
7847,63.0
7848,13.0
7849,5.0
7850,180.0
7851,77.0
7852,10.0
7853,60.0
7854,20.0
7855,18.0
7856,120.0
7857,15.0
7858,20.0
7859,10.0
7860,60.0
7861,18.0
7862,10.0
7863,150.0
7864,30.0
7865,120.0
7866,18.0
7867,20.0
7868,30.0
7869,60.0
7870,15.0
7871,1.0
7872,13.0
7873,25.0
7874,3.0
7875,10.0
7876,26.0
7877,30.0
7878,40.0
7879,13.0
7880,4.0
7881,20.0
7882,30.0
7883,150.0
7884,30.0
7885,30.0
7886,30.0
7887,13.0
7888,30.0
7889,20.0
7890,90.0
7891,15.0
7892,5.0
7893,15.0
7894,15.0
7895,10.0
7896,9.0
7897,10.0
7898,15.0
7899,15.0
7900,130.0
7901,1.0
7902,9.0
7903,10.0
7904,30.0
7905,870.0
7906,20.0
7907,1.0
7908,241.0
7909,10.0
7910,120.0
7911,49.0
7912,40.0
7913,11.0
7914,20.0
7915,20.0
7916,42.0
7917,14.0
7918,15.0
7919,15.0
7920,20.0
7921,5.0
7922,9.0
7923,29.0
7924,10.0
7925,5.0
7926,30.0
7927,60.0
7928,10.0
7929,10.0
7930,7.0
7931,5.0
7932,30.0
7933,15.0
7934,20.0
7935,15.0
7936,10.0
7937,5.0
7938,5.0
7939,5.0
7940,15.0
7941,20.0
7942,20.0
7943,5.0
7944,18.5
7945,60.0
7946,5.0
7947,240.0
7948,8.0
7949,60.0
7950,30.0
7951,120.0
7952,120.0
7953,10.0
7954,13.0
7955,60.0
7956,30.0
7957,90.0
7958,30.0
7959,90.0
7960,5.0
7961,10.0
7962,130.0
7963,10.0
7964,15.0
7965,20.0
7966,20.0
7967,36.66666666666666
7968,18.0
7969,75.0
7970,45.0
7971,15.0
7972,5.0
7973,10.0
7974,5.0
7975,75.0
7976,40.0
7977,20.0
7978,10.0
7979,10.0
7980,270.0
7981,30.0
7982,10.0
7983,6.0
7984,5.0
7985,8.0
7986,60.0
7987,150.0
7988,15.0
7989,30.0
7990,1.0
7991,5.0
7992,60.0
7993,10.0
7994,10.0
7995,30.0
7996,120.0
7997,20.0
7998,5.0
7999,18.0
8000,15.0
8001,20.0
8002,10.0
8003,10.0
8004,23.0
8005,40.0
8006,5.0
8007,30.0
8008,5.0
8009,45.0
8010,130.0
8011,10.0
8012,10.5
8013,2.0
8014,22.0
8015,30.0
8016,15.0
8017,90.0
8018,10.0
8019,20.0
8020,150.0
8021,15.0
8022,22.0
8023,30.0
8024,15.0
8025,10.0
8026,10.0
8027,5.0
8028,20.0
8029,180.0
8030,140.0
8031,120.0
8032,0.0
8033,10.0
8034,5.0
8035,10.0
8036,9.0
8037,5.0
8038,60.0
8039,5.0
8040,30.0
8041,119.0
8042,60.0
8043,10.0
8044,20.0
8045,142.0
8046,18.0
8047,60.0
8048,40.0
8049,18.0
8050,8.0
8051,15.0
8052,18.0
8053,0.0
8054,0.0
8055,20.0
8056,6.5
8057,20.0
8058,20.0
8059,13.333333333333334
8060,120.0
8061,25.0
8062,90.0
8063,3.0
8064,5.0
8065,10.0
8066,5.0
8067,40.0
8068,60.0
8069,10.0
8070,40.0
8071,120.0
8072,10.0
8073,35.0
8074,30.0
8075,10.0
8076,80.0
8077,5.0
8078,30.0
8079,45.0
8080,5.0
8081,10.0
8082,30.0
8083,20.0
8084,10.0
8085,69.0
8086,13.0
8087,60.0
8088,5.0
8089,20.0
8090,56.333333333333336
8091,150.0
8092,30.0
8093,28.0
8094,10.0
8095,40.0
8096,30.0
8097,15.0
8098,480.0
8099,15.0
8100,18.0
8101,60.0
8102,20.0
8103,5.0
8104,45.0
8105,18.0
8106,26.0
8107,5.0
8108,45.0
8109,10.0
8110,35.0
8111,10.0
8112,15.0
8113,60.0
8114,10.0
8115,120.0
8116,5.0
8117,15.0
8118,15.0
8119,1.0
8120,15.0
8121,30.0
8122,10.0
8123,30.0
8124,3.0
8125,15.0
8126,5.0
8127,45.0
8128,10.0
8129,5.0
8130,2.0
8131,30.0
8132,15.0
8133,100.0
8134,69.0
8135,30.0
8136,28.0
8137,98.75
8138,10.0
8139,5.0
8140,120.0
8141,13.0
8142,15.0
8143,12.0
8144,5.0
8145,5.0
8146,50.0
8147,10.0
8148,120.0
8149,32.0
8150,20.0
8151,71.0
8152,20.0
8153,90.0
8154,360.0
8155,120.0
8156,15.0
8157,5.0
8158,20.0
8159,5.0
8160,10.0
8161,10.0
8162,5.0
8163,20.0
8164,60.0
8165,15.0
8166,10.0
8167,120.0
8168,30.0
8169,30.0
8170,90.0
8171,5.0
8172,10.0
8173,120.0
8174,20.0
8175,5.0
8176,40.0
8177,10.0
8178,30.0
8179,63.333333333333336
8180,70.0
8181,5.0
8182,65.0
8183,40.0
8184,55.0
8185,45.0
8186,46.0
8187,45.0
8188,40.0
8189,28.0
8190,22.0
8191,30.0
8192,120.0
8193,10.5
8194,20.0
8195,5.0
8196,15.0
8197,5.0
8198,20.5
8199,60.0
8200,1.0
8201,24.0
8202,41.0
8203,150.0
8204,30.0
8205,90.0
8206,60.0
8207,7.0
8208,30.0
8209,30.0
8210,5.0
8211,10.0
8212,5.0
8213,10.0
8214,20.5
8215,33.0
8216,10.0
8217,10.0
8218,8.0
8219,10.0
8220,40.0
8221,117.5
8222,10.0
8223,8.0
8224,120.0
8225,10.0
8226,120.0
8227,1.0
8228,10.0
8229,29.0
8230,5.0
8231,38.0
8232,20.0
8233,5.0
8234,75.0
8235,20.0
8236,43.0
8237,10.0
8238,5.0
8239,13.0
8240,3.0
8241,25.0
8242,11.0
8243,20.0
8244,127.5
8245,120.0
8246,75.0
8247,10.0
8248,20.0
8249,20.0
8250,30.0
8251,5.0
8252,10.0
8253,32.5
8254,15.0
8255,8.0
8256,20.0
8257,30.0
8258,15.0
8259,10.0
8260,2.0
8261,10.0
8262,20.0
8263,5.0
8264,1.0
8265,60.0
8266,30.0
8267,10.0
8268,10.0
8269,5.0
8270,40.0
8271,5.0
8272,5.0
8273,150.0
8274,71.0
8275,8.0
8276,23.0
8277,240.0
8278,165.0
8279,5.0
8280,15.0
8281,15.0
8282,113.0
8283,180.0
8284,15.0
8285,10.0
8286,20.0
8287,18.0
8288,20.0
8289,45.0
8290,5.0
8291,15.0
8292,10.0
8293,24.0
8294,20.0
8295,92.0
8296,15.0
8297,5.0
8298,30.0
8299,31.0
8300,5.0
8301,20.0
8302,2.0
8303,24.0
8304,20.0
8305,15.0
8306,10.0
8307,10.0
8308,20.0
8309,20.0
8310,10.0
8311,1.0
8312,30.0
8313,5.0
8314,63.0
8315,41.0
8316,173.33333333333334
8317,30.0
8318,5.0
8319,10.0
8320,45.0
8321,60.0
8322,15.0
8323,120.0
8324,10.0
8325,13.0
8326,12.5
8327,25.0
8328,10.0
8329,10.0
8330,5.0
8331,60.0
8332,10.0
8333,30.0
8334,2.0
8335,70.0
8336,10.0
8337,2.0
8338,15.0
8339,5.0
8340,60.0
8341,15.0
8342,15.0
8343,20.0
8344,20.0
8345,15.0
8346,15.0
8347,15.0
8348,180.0
8349,60.0
8350,2.0
8351,5.0
8352,15.0
8353,225.0
8354,10.0
8355,60.0
8356,20.0
8357,10.0
8358,30.0
8359,6.5
8360,15.0
8361,60.0
8362,68.0
8363,90.0
8364,1.0
8365,60.0
8366,5.0
8367,28.0
8368,30.0
8369,22.0
8370,9.0
8371,45.0
8372,60.0
8373,15.0
8374,15.0
8375,14.0
8376,10.0
8377,10.0
8378,10.0
8379,180.0
8380,10.0
8381,5.0
8382,5.0
8383,60.0
8384,60.0
8385,15.0
8386,16.0
8387,5.0
8388,15.0
8389,30.0
8390,5.0
8391,5.0
8392,8.0
8393,30.0
8394,10.0
8395,180.0
8396,5.0
8397,20.0
8398,13.0
8399,15.0
8400,132.0
8401,50.5
8402,15.0
8403,5.0
8404,8.0
8405,45.0
8406,40.0
8407,10.0
8408,20.0
8409,20.0
8410,25.0
8411,9.0
8412,30.0
8413,210.0
8414,2.0
8415,13.0
8416,20.0
8417,10.0
8418,143.0
8419,180.0
8420,30.0
8421,5.0
8422,10.0
8423,15.0
8424,5.0
8425,45.0
8426,9.0
8427,48.0
8428,55.0
8429,45.0
8430,60.0
8431,30.0
8432,60.0
8433,30.0
8434,23.0
8435,20.0
8436,15.0
8437,60.0
8438,2880.0
8439,180.0
8440,15.0
8441,20.0
8442,30.0
8443,5.0
8444,136.0
8445,10.0
8446,15.0
8447,120.0
8448,13.0
8449,10.0
8450,5.0
8451,60.0
8452,10.0
8453,60.0
8454,10.0
8455,15.0
8456,15.0
8457,2.0
8458,20.0
8459,25.0
8460,20.0
8461,15.0
8462,5.0
8463,3.0
8464,60.0
8465,22.0
8466,5.0
8467,20.0
8468,55.0
8469,60.0
8470,10.0
8471,5.0
8472,10.0
8473,75.0
8474,39.5
8475,33.0
8476,130.0
8477,150.0
8478,15.0
8479,15.0
8480,9.0
8481,20.0
8482,15.0
8483,300.0
8484,5.0
8485,85.0
8486,10.0
8487,10.0
8488,48.0
8489,11.0
8490,20.0
8491,5.0
8492,53.0
8493,5.0
8494,40.0
8495,30.0
8496,2.0
8497,20.0
8498,8.0
8499,25.0
8500,420.0
8501,5.0
8502,5.0
8503,84.0
8504,30.0
8505,60.0
8506,13.0
8507,1.0
8508,90.0
8509,0.0
8510,20.0
8511,20.0
8512,16.0
8513,10.0
8514,82.5
8515,13.0
8516,25.0
8517,10.0
8518,15.0
8519,22.5
8520,22.5
8521,20.0
8522,13.0
8523,30.0
8524,10.0
8525,5.0
8526,30.0
8527,30.0
8528,10.0
8529,1000.0
8530,20.0
8531,15.0
8532,10.0
8533,10.0
8534,20.0
8535,150.0
8536,70.0
8537,25.0
8538,20.0
8539,34.0
8540,16.0
8541,72.0
8542,83.0
8543,8.0
8544,60.0
8545,15.0
8546,23.0
8547,24.0
8548,15.0
8549,57.0
8550,10.0
8551,26.0
8552,30.0
8553,5.0
8554,5.0
8555,116.5
8556,20.0
8557,10.0
8558,360.0
8559,40.0
8560,5.0
8561,180.0
8562,10.0
8563,10.0
8564,36.66666666666666
8565,120.0
8566,15.0
8567,42.5
8568,6.0
8569,10.0
8570,16.0
8571,15.0
8572,32.0
8573,15.0
8574,5.0
8575,25.0
8576,15.0
8577,32.5
8578,55.0
8579,180.0
8580,20.0
8581,60.0
8582,30.0
8583,90.0
8584,5.0
8585,15.0
8586,120.0
8587,53.0
8588,10.0
8589,40.333333333333336
8590,10.0
8591,13.0
8592,240.0
8593,20.0
8594,80.0
8595,10.0
8596,53.0
8597,15.0
8598,20.0
8599,61.0
8600,60.0
8601,60.0
8602,5.0
8603,60.0
8604,28.0
8605,40.0
8606,47.0
8607,1.0
8608,8.0
8609,5.0
8610,45.0
8611,144.0
8612,15.0
8613,15.0
8614,20.0
8615,180.0
8616,23.0
8617,8.0
8618,30.0
8619,36.0
8620,15.0
8621,8.0
8622,2.0
8623,10.0
8624,5.0
8625,15.0
8626,2.0
8627,20.0
8628,20.0
8629,10.0
8630,20.0
8631,10.0
8632,5.0
8633,15.0
8634,5.0
8635,18.0
8636,60.0
8637,13.333333333333334
8638,15.0
8639,120.0
8640,60.0
8641,10.0
8642,10.0
8643,15.0
8644,15.0
8645,10.0
8646,60.0
8647,17.0
8648,10.0
8649,90.0
8650,15.0
8651,35.0
8652,10.0
8653,120.0
8654,41.0
8655,66.0
8656,90.0
8657,15.0
8658,15.0
8659,15.0
8660,90.0
8661,10.0
8662,5.0
8663,60.0
8664,728.0
8665,15.0
8666,15.0
8667,20.0
8668,30.0
8669,89.0
8670,15.0
8671,67.0
8672,15.0
8673,20.0
8674,23.0
8675,30.0
8676,45.0
8677,15.0
8678,22.0
8679,5.0
8680,330.0
8681,5.0
8682,5.0
8683,60.0
8684,11.0
8685,5.0
8686,15.0
8687,5.0
8688,10.0
8689,30.0
8690,5.0
8691,20.0
8692,15.0
8693,15.0
8694,15.0
8695,60.0
8696,5.0
8697,210.0
8698,5.0
8699,16.0
8700,5.0
8701,15.0
8702,90.0
8703,10.0
8704,60.0
8705,20.0
8706,40.0
8707,10.0
8708,30.0
8709,15.0
8710,45.0
8711,0.0
8712,60.0
8713,30.0
8714,5.0
8715,60.0
8716,5.0
8717,10.0
8718,30.0
8719,5.0
8720,30.0
8721,45.0
8722,5.0
8723,10.0
8724,20.0
8725,30.0
8726,15.0
8727,30.0
8728,185.0
8729,270.0
8730,63.0
8731,355.0
8732,15.0
8733,45.0
8734,10.0
8735,60.0
8736,25.0
8737,30.0
8738,10.0
8739,115.0
8740,112.0
8741,10.0
8742,30.0
8743,23.0
8744,50.0
8745,20.0
8746,8.0
8747,3.0
8748,10.0
8749,10.0
8750,20.0
8751,93.0
8752,5.0
8753,13.0
8754,120.0
8755,30.0
8756,60.0
8757,141.0
8758,60.0
8759,5.0
8760,8.0
8761,90.0
8762,45.0
8763,5.0
8764,23.33333333333333
8765,60.0
8766,37.0
8767,8.0
8768,25.0
8769,45.0
8770,15.0
8771,15.0
8772,15.0
8773,60.0
8774,90.0
8775,45.0
8776,10.0
8777,33.0
8778,45.0
8779,85.0
8780,10.0
8781,5.0
8782,13.0
8783,180.0
8784,5.0
8785,30.0
8786,60.0
8787,20.0
8788,36.0
8789,23.0
8790,120.0
8791,15.0
8792,18.0
8793,24.0
8794,14.0
8795,15.0
8796,15.0
8797,8.0
8798,5.0
8799,10.0
8800,20.0
8801,43.0
8802,15.0
8803,5.0
8804,5.0
8805,60.0
8806,20.0
8807,10.0
8808,20.0
8809,11.666666666666666
8810,20.0
8811,20.0
8812,5.0
8813,12.0
8814,129.5
8815,25.0
8816,15.5
8817,45.0
8818,16.666666666666668
8819,5.0
8820,30.0
8821,15.0
8822,20.0
8823,15.0
8824,165.0
8825,20.0
8826,5.0
8827,75.0
8828,120.0
8829,5.0
8830,15.0
8831,20.0
8832,20.0
8833,20.0
8834,60.0
8835,15.0
8836,42.0
8837,7.0
8838,1.0
8839,14.0
8840,105.0
8841,120.0
8842,20.0
8843,10.0
8844,34.5
8845,173.0
8846,120.0
8847,9.333333333333334
8848,60.0
8849,30.0
8850,20.0
8851,45.0
8852,5.0
8853,10.0
8854,36.0
8855,278.0
8856,20.0
8857,5.0
8858,50.0
8859,5.0
8860,9.0
8861,15.0
8862,45.0
8863,45.0
8864,10.0
8865,5.0
8866,10.0
8867,18.0
8868,10.0
8869,5.0
8870,25.0
8871,106.0
8872,5.0
8873,45.0
8874,30.0
8875,120.0
8876,9.0
8877,80.0
8878,30.0
8879,12.5
8880,60.0
8881,13.0
8882,23.0
8883,10.0
8884,60.0
8885,20.0
8886,75.0
8887,10.0
8888,20.0
8889,5.0
8890,135.0
8891,60.0
8892,15.0
8893,38.0
8894,2.0
8895,5.0
8896,45.0
8897,15.0
8898,25.0
8899,45.0
8900,10.0
8901,20.0
8902,5.0
8903,5.0
8904,33.0
8905,300.0
8906,5.0
8907,15.0
8908,120.0
8909,5.0
8910,90.0
8911,23.0
8912,15.0
8913,20.0
8914,61.0
8915,10.0
8916,17.0
8917,15.0
8918,10.0
8919,150.0
8920,120.0
8921,10.0
8922,130.0
8923,12.5
8924,20.0
8925,5.0
8926,5.0
8927,20.0
8928,9.0
8929,60.0
8930,15.0
8931,38.0
8932,60.0
8933,20.0
8934,21.0
8935,10.0
8936,10.0
8937,30.0
8938,10.0
8939,2.0
8940,55.0
8941,79.5
8942,185.0
8943,165.0
8944,10.0
8945,58.333333333333336
8946,35.0
8947,5.0
8948,5.0
8949,20.0
8950,38.0
8951,3.0
8952,15.0
8953,5.0
8954,55.0
8955,120.0
8956,10.0
8957,30.0
8958,30.0
8959,30.0
8960,20.0
8961,120.0
8962,15.0
8963,20.0
8964,30.0
8965,15.0
8966,15.0
8967,5.0
8968,32.0
8969,28.0
8970,23.0
8971,120.0
8972,90.0
8973,20.0
8974,15.0
8975,15.0
8976,18.0
8977,40.0
8978,60.0
8979,87.0
8980,68.0
8981,5.0
8982,10.0
8983,35.0
8984,5.0
8985,3.6666666666666665
8986,15.0
8987,20.0
8988,48.4
8989,8.0
8990,10.0
8991,10.0
8992,60.0
8993,5.0
8994,30.0
8995,15.0
8996,5.0
8997,10.0
8998,5.0
8999,30.0
9000,2.0
9001,10.0
9002,36.0
9003,45.0
9004,20.0
9005,1.0
9006,270.0
9007,40.0
9008,300.0
9009,21.666666666666668
9010,41.0
9011,35.0
9012,44.0
9013,5.0
9014,60.0
9015,19.0
9016,15.0
9017,20.0
9018,30.0
9019,20.0
9020,30.0
9021,60.0
9022,10.0
9023,87.5
9024,5.0
9025,8.0
9026,20.0
9027,90.0
9028,10.0
9029,17.0
9030,30.0
9031,40.333333333333336
9032,45.0
9033,10.0
9034,10.0
9035,18.0
9036,20.0
9037,36.0
9038,20.0
9039,10.0
9040,45.0
9041,7.0
9042,240.0
9043,30.0
9044,20.0
9045,15.0
9046,18.0
9047,20.0
9048,30.0
9049,20.0
9050,5.0
9051,45.0
9052,45.0
9053,30.0
9054,75.0
9055,60.0
9056,15.0
9057,20.0
9058,120.0
9059,30.0
9060,20.0
9061,5.0
9062,5.0
9063,85.0
9064,12.5
9065,20.0
9066,20.0
9067,8.0
9068,5.0
9069,25.0
9070,10.0
9071,18.0
9072,1.0
9073,55.0
9074,45.0
9075,152.5
9076,27.0
9077,20.0
9078,45.0
9079,10.0
9080,300.0
9081,120.0
9082,20.0
9083,30.0
9084,37.0
9085,30.0
9086,5.0
9087,18.0
9088,10.0
9089,18.0
9090,28.0
9091,30.0
9092,10.0
9093,1.0
9094,28.0
9095,18.0
9096,20.0
9097,7.0
9098,120.0
9099,50.0
9100,10.0
9101,30.0
9102,40.0
9103,45.0
9104,45.0
9105,175.0
9106,5.0
9107,5.0
9108,6.666666666666667
9109,15.0
9110,22.0
9111,10.0
9112,20.0
9113,40.0
9114,10.0
9115,5.0
9116,10.0
9117,10.0
9118,5.0
9119,5.0
9120,120.0
9121,180.0
9122,15.0
9123,30.0
9124,15.0
9125,10.0
9126,20.0
9127,5.0
9128,10.0
9129,30.0
9130,1.0
9131,10.0
9132,23.0
9133,30.0
9134,10.0
9135,35.0
9136,59.0
9137,110.0
9138,10.0
9139,45.0
9140,11.0
9141,31.0
9142,20.0
9143,120.0
9144,5.0
9145,19.0
9146,30.0
9147,20.0
9148,18.0
9149,10.0
9150,206.66666666666663
9151,20.0
9152,45.0
9153,15.0
9154,30.0
9155,60.0
9156,25.0
9157,180.0
9158,45.0
9159,114.0
9160,15.0
9161,20.0
9162,37.0
9163,15.0
9164,13.333333333333334
9165,1.0
9166,5.0
9167,150.0
9168,10.0
9169,12.5
9170,5.0
9171,30.0
9172,15.0
9173,20.0
9174,28.0
9175,15.0
9176,71.5
9177,9.0
9178,70.0
9179,90.0
9180,124.0
9181,25.0
9182,240.0
9183,180.0
9184,5.0
9185,20.0
9186,20.0
9187,55.0
9188,45.0
9189,25.0
9190,46.0
9191,20.0
9192,10.0
9193,15.0
9194,20.0
9195,90.0
9196,18.0
9197,10.0
9198,8.0
9199,2.0
9200,65.0
9201,10.0
9202,15.0
9203,5.0
9204,15.0
9205,10.0
9206,159.0
9207,15.0
9208,10.0
9209,26.0
9210,30.0
9211,30.0
9212,18.0
9213,20.0
9214,20.0
9215,5.0
9216,20.0
9217,50.0
9218,15.0
9219,10.0
9220,10.0
9221,10.0
9222,15.0
9223,60.0
9224,30.0
9225,15.0
9226,13.0
9227,45.0
9228,5.0
9229,15.0
9230,23.0
9231,20.0
9232,10.0
9233,15.0
9234,45.0
9235,15.0
9236,10.0
9237,20.0
9238,5.0
9239,3.0
9240,15.0
9241,20.0
9242,10.0
9243,20.0
9244,43.0
9245,75.0
9246,10.0
9247,5.0
9248,63.0
9249,10.0
9250,20.0
9251,60.0
9252,5.0
9253,18.0
9254,30.0
9255,1.0
9256,5.0
9257,150.0
9258,14.0
9259,15.0
9260,5.0
9261,10.0
9262,7.0
9263,3.0
9264,60.0
9265,75.0
9266,18.0
9267,20.0
9268,5.0
9269,14.0
9270,15.0
9271,20.0
9272,15.0
9273,30.0
9274,3.0
9275,60.0
9276,60.0
9277,6.0
9278,3.0
9279,45.0
9280,30.0
9281,45.0
9282,20.0
9283,60.0
9284,13.0
9285,180.0
9286,45.0
9287,15.0
9288,27.0
9289,20.0
9290,10.0
9291,20.0
9292,10.0
9293,20.0
9294,70.0
9295,54.0
9296,75.0
9297,15.0
9298,1.0
9299,65.0
9300,10.0
9301,15.0
9302,62.5
9303,23.0
9304,60.0
9305,25.0
9306,90.0
9307,50.5
9308,15.0
9309,120.0
9310,45.0
9311,5.0
9312,10.0
9313,40.0
9314,38.0
9315,50.0
9316,19.0
9317,155.0
9318,90.0
9319,5.0
9320,2.0
9321,10.0
9322,44.66666666666666
9323,2.0
9324,30.0
9325,10.0
9326,25.0
9327,5.0
9328,45.0
9329,300.0
9330,1.0
9331,60.0
9332,15.0
9333,2.0
9334,45.0
9335,60.0
9336,47.0
9337,60.0
9338,5.0
9339,15.0
9340,30.0
9341,194.0
9342,10.0
9343,38.0
9344,42.0
9345,60.0
9346,10.0
9347,120.0
9348,25.0
9349,120.0
9350,20.0
9351,5.0
9352,1.0
9353,10.0
9354,30.0
9355,30.0
9356,5.0
9357,10.0
9358,85.0
9359,10.0
9360,7.0
9361,10.0
9362,14.0
9363,3.0
9364,5.0
9365,10.0
9366,10.0
9367,10.666666666666666
9368,13.0
9369,15.0
9370,45.0
9371,15.0
9372,15.0
9373,12.0
9374,30.0
9375,40.0
9376,14.0
9377,31.0
9378,180.0
9379,15.0
9380,30.0
9381,7.0
9382,5.0
9383,30.0
9384,25.0
9385,15.0
9386,35.0
9387,38.0
9388,1.0
9389,75.0
9390,28.0
9391,41.66666666666666
9392,15.0
9393,45.0
9394,10.0
9395,30.0
9396,10.0
9397,15.0
9398,45.0
9399,30.0
9400,35.0
9401,56.0
9402,15.0
9403,90.0
9404,75.0
9405,15.0
9406,15.0
9407,20.0
9408,10.0
9409,8.0
9410,15.0
9411,15.0
9412,60.0
9413,20.0
9414,10.0
9415,85.0
9416,11.0
9417,25.0
9418,20.0
9419,40.0
9420,0.0
9421,30.0
9422,60.0
9423,75.0
9424,20.0
9425,5.0
9426,30.0
9427,60.0
9428,80.0
9429,15.0
9430,35.0
9431,45.0
9432,20.0
9433,6.0
9434,53.0
9435,10.0
9436,135.0
9437,120.0
9438,25.0
9439,15.0
9440,7.0
9441,15.0
9442,83.33333333333333
9443,15.0
9444,20.0
9445,15.0
9446,25.5
9447,20.0
9448,30.0
9449,20.0
9450,5.0
9451,10.0
9452,120.0
9453,45.0
9454,7.0
9455,10.0
9456,30.0
9457,10.0
9458,75.0
9459,10.0
9460,1.0
9461,165.5
9462,60.0
9463,10.0
9464,10.0
9465,5.0
9466,180.0
9467,3.0
9468,164.0
9469,17.0
9470,23.0
9471,180.0
9472,57.0
9473,10.0
9474,15.0
9475,10.0
9476,51.0
9477,45.0
9478,5.0
9479,30.0
9480,20.0
9481,20.0
9482,15.0
9483,10.0
9484,10.0
9485,60.0
9486,15.0
9487,1.0
9488,45.0
9489,15.0
9490,30.0
9491,8.0
9492,15.0
9493,15.0
9494,50.0
9495,20.0
9496,60.0
9497,9.0
9498,7.0
9499,5.0
9500,45.0
9501,240.0
9502,10.0
9503,5.0
9504,55.0
9505,10.0
9506,10.0
9507,128.0
9508,60.0
9509,150.0
9510,20.0
9511,30.0
9512,30.0
9513,15.0
9514,20.0
9515,30.0
9516,10.0
9517,2.0
9518,15.0
9519,30.0
9520,10.0
9521,5.0
9522,5.0
9523,5.0
9524,20.0
9525,30.0
9526,18.0
9527,60.0
9528,12.5
9529,40.0
9530,78.0
9531,90.0
9532,2.0
9533,5.0
9534,45.0
9535,7.0
9536,25.0
9537,28.0
9538,10.0
9539,5.0
9540,30.0
9541,56.0
9542,20.0
9543,20.0
9544,5.0
9545,10.0
9546,30.0
9547,15.0
9548,5.0
9549,13.0
9550,60.0
9551,10.0
9552,5.0
9553,5.0
9554,5.0
9555,60.0
9556,30.0
9557,5.0
9558,10.0
9559,30.0
9560,16.0
9561,78.0
9562,10.0
9563,10.0
9564,3.0
9565,15.0
9566,43.0
9567,5.0
9568,7.5
9569,20.0
9570,45.0
9571,160.0
9572,10.0
9573,10.0
9574,20.0
9575,20.0
9576,107.5
9577,15.0
9578,5.0
9579,30.0
9580,5.0
9581,37.0
9582,70.0
9583,10.0
9584,24.0
9585,30.0
9586,55.0
9587,7.0
9588,15.0
9589,60.0
9590,32.0
9591,5.0
9592,15.0
9593,10.0
9594,105.0
9595,33.0
9596,15.0
9597,10.0
9598,5.0
9599,5.0
9600,32.333333333333336
9601,5.0
9602,15.0
9603,5.0
9604,42.0
9605,1440.0
9606,1.0
9607,20.0
9608,180.0
9609,15.0
9610,5.0
9611,10.0
9612,8.0
9613,15.0
9614,5.0
9615,60.0
9616,10.0
9617,0.0
9618,60.0
9619,20.0
9620,30.0
9621,15.0
9622,15.0
9623,45.0
9624,10.0
9625,20.0
9626,50.0
9627,10.0
9628,3.0
9629,18.0
9630,20.0
9631,22.0
9632,80.0
9633,5.0
9634,100.0
9635,5.0
9636,90.0
9637,80.0
9638,15.0
9639,45.0
9640,120.0
9641,20.0
9642,5.0
9643,30.0
9644,22.0
9645,30.0
9646,13.0
9647,30.0
9648,40.0
9649,30.0
9650,12.5
9651,15.0
9652,13.0
9653,96.0
9654,5.0
9655,22.0
9656,75.0
9657,5.0
9658,36.0
9659,15.0
9660,2.0
9661,90.0
9662,60.0
9663,60.0
9664,2.0
9665,60.0
9666,37.0
9667,10.0
9668,35.0
9669,20.0
9670,45.0
9671,90.0
9672,8.0
9673,57.5
9674,20.0
9675,30.0
9676,30.0
9677,25.0
9678,5.0
9679,15.0
9680,47.0
9681,3.0
9682,15.0
9683,15.0
9684,5.0
9685,180.0
9686,0.0
9687,20.0
9688,25.0
9689,30.0
9690,5.0
9691,60.0
9692,8.333333333333334
9693,18.0
9694,60.0
9695,1.0
9696,300.0
9697,30.0
9698,9.0
9699,15.0
9700,4.0
9701,21.0
9702,1.0
9703,60.0
9704,35.5
9705,60.0
9706,60.0
9707,20.0
9708,10.0
9709,30.0
9710,45.0
9711,5.0
9712,20.0
9713,15.0
9714,10.0
9715,5.0
9716,30.0
9717,60.0
9718,25.0
9719,10.0
9720,20.0
9721,20.0
9722,23.0
9723,15.0
9724,49.0
9725,15.0
9726,30.0
9727,17.0
9728,5.0
9729,30.0
9730,469.0
9731,5.0
9732,15.0
9733,30.0
9734,10.0
9735,20.0
9736,5.0
9737,50.0
9738,10.0
9739,90.0
9740,60.0
9741,120.0
9742,82.0
9743,5.0
9744,45.0
9745,60.0
9746,60.0
9747,10.0
9748,45.0
9749,98.0
9750,26.0
9751,25.0
9752,15.0
9753,5.0
9754,30.0
9755,10.0
9756,5.0
9757,15.0
9758,12.5
9759,3.0
9760,10.0
9761,105.0
9762,18.0
9763,30.0
9764,30.0
9765,5.0
9766,30.666666666666668
9767,13.0
9768,20.0
9769,62.5
9770,30.0
9771,0.0
9772,20.0
9773,150.0
9774,240.0
9775,83.0
9776,15.0
9777,41.66666666666666
9778,90.0
9779,90.0
9780,5.0
9781,240.0
9782,12.0
9783,25.0
9784,59.0
9785,25.0
9786,15.0
9787,20.0
9788,13.0
9789,5.0
9790,30.0
9791,180.0
9792,15.0
9793,30.0
9794,15.0
9795,116.0
9796,5.0
9797,24.0
9798,4.0
9799,50.0
9800,5.0
9801,5.0
9802,18.0
9803,4.333333333333333
9804,30.0
9805,125.0
9806,2.0
9807,10.0
9808,132.5
9809,10.0
9810,121.0
9811,118.0
9812,60.0
9813,30.0
9814,5.0
9815,17.0
9816,13.0
9817,15.0
9818,40.0
9819,7.0
9820,25.0
9821,23.0
9822,15.0
9823,15.0
9824,17.0
9825,35.0
9826,10.0
9827,112.5
9828,60.0
9829,10.0
9830,20.0
9831,10.0
9832,5.0
9833,15.0
9834,38.0
9835,5.0
9836,15.0
9837,38.0
9838,60.0
9839,60.0
9840,15.0
9841,15.0
9842,20.0
9843,45.0
9844,20.0
9845,40.0
9846,10.0
9847,10.0
9848,5.0
9849,20.0
9850,5.0
9851,30.0
9852,38.0
9853,20.0
9854,45.0
9855,15.0
9856,15.0
9857,103.0
9858,5.0
9859,20.0
9860,120.0
9861,5.0
9862,15.0
9863,15.0
9864,10.0
9865,10.0
9866,240.0
9867,11.5
9868,5.0
9869,45.0
9870,30.0
9871,15.0
9872,60.0
9873,30.0
9874,20.0
9875,10.0
9876,20.0
9877,60.0
9878,30.0
9879,10.0
9880,75.0
9881,145.0
9882,30.0
9883,15.0
9884,45.0
9885,10.0
9886,4.0
9887,35.0
9888,7.0
9889,15.0
9890,10.0
9891,17.5
9892,1.0
9893,20.0
9894,13.0
9895,120.0
9896,4.0
9897,15.0
9898,10.0
9899,20.0
9900,116.0
9901,120.0
9902,60.0
9903,1440.0
9904,30.0
9905,15.0
9906,15.0
9907,45.0
9908,18.5
9909,60.0
9910,10.0
9911,10.0
9912,20.0
9913,10.0
9914,5.0
9915,30.0
9916,5.0
9917,30.0
9918,12.5
9919,20.0
9920,30.0
9921,5.5
9922,10.0
9923,30.0
9924,5.0
9925,5.0
9926,120.0
9927,120.0
9928,5.0
9929,10.0
9930,420.0
9931,10.0
9932,21.0
9933,15.0
9934,68.0
9935,90.0
9936,183.0
9937,30.0
9938,15.0
9939,20.0
9940,10.0
9941,39.0
9942,20.0
9943,14.0
9944,15.0
9945,45.0
9946,25.0
9947,105.0
9948,5.0
9949,20.0
9950,16.0
9951,48.0
9952,5.0
9953,80.0
9954,30.0
9955,18.0
9956,45.0
9957,15.0
9958,15.0
9959,3.0
9960,9.0
9961,15.0
9962,3.0
9963,10.0
9964,5.0
9965,13.0
9966,33.333333333333336
9967,60.0
9968,5.0
9969,5.0
9970,15.0
9971,20.0
9972,5.0
9973,46.0
9974,3.6666666666666665
9975,43.0
9976,90.0
9977,150.0
9978,22.0
9979,20.0
9980,15.0
9981,15.0
9982,18.0
9983,5.0
9984,15.0
9985,23.0
9986,3.0
9987,14.0
9988,5.0
9989,60.0
9990,5.0
9991,18.0
9992,30.0
9993,10.0
9994,13.0
9995,16.0
9996,18.0
9997,5.0
9998,38.0
9999,240.0
10000,30.0
10001,60.0
10002,20.0
10003,13.0
10004,39.0
10005,150.0
10006,5.0
10007,45.0
